block_id,disposition,req_ids,rationale
M0075,CONTEXT,,Section heading '1 Role and deliverable'; substance covered by REQ-S01-001..REQ-S01-006.
M0076,REQUIREMENT,REQ-S01-001,
M0077,REQUIREMENT,REQ-S01-002,
M0078,REQUIREMENT,REQ-S01-003,
M0079,REQUIREMENT,REQ-S01-004,
M0080,REQUIREMENT,REQ-S01-005,
M0081,REQUIREMENT,REQ-S01-006,
M0082,CONTEXT,,"Section heading '2 Source fidelity and completion rules'; substance covered by REQ-S02-001 and REQ-S02-003..006 (former REQ-S02-002 consolidated into REQ-DLV-020, former REQ-S02-007 into REQ-S18-001) and REQ-PB-001/002."
M0083,REQUIREMENT,REQ-PB-003;REQ-PB-014;REQ-PB-015;REQ-PB-038;REQ-PB-060;REQ-PB-074;REQ-PB-086;REQ-PB-088;REQ-PB-091;REQ-S02-001,
M0084,REQUIREMENT,REQ-DLV-020,
M0085,REQUIREMENT,REQ-DLV-020,
M0086,REQUIREMENT,REQ-DLV-020,
M0087,REQUIREMENT,REQ-DLV-020,
M0088,REQUIREMENT,REQ-S02-003;REQ-S02-004;REQ-S02-005,
M0089,REQUIREMENT,REQ-PB-001;REQ-PB-002;REQ-PB-077,
M0090,REQUIREMENT,REQ-S02-006;REQ-S18-001;REQ-PB-026;REQ-PB-039;REQ-PB-079,
M0091,CONTEXT,,Section heading '3 Business model and navigation'; covered by REQ-S03-001..REQ-S03-011.
M0092,REQUIREMENT,REQ-S03-001;REQ-S03-002;REQ-S03-003;REQ-PB-009,
M0093,REQUIREMENT,REQ-PB-003,
M0094,REQUIREMENT,REQ-PB-003;REQ-PB-004;REQ-S03-004;REQ-PB-007,
M0095,REQUIREMENT,REQ-PB-003;REQ-PB-005;REQ-S03-005,
M0096,CONTEXT,,Lead-in sentence to the traceability chain (M0097); covered by REQ-PB-044 and REQ-S03-006.
M0097,REQUIREMENT,REQ-PB-044,
M0098,REQUIREMENT,REQ-PB-044;REQ-S03-006,
M0099,CONTEXT,,Lead-in 'Primary navigation:'; the fourteen areas (M0100-M0113) are covered by REQ-S03-007 to REQ-S03-010.
M0100,REQUIREMENT,REQ-S03-007;REQ-S03-008,
M0101,REQUIREMENT,REQ-S03-007;REQ-S03-009,
M0102,REQUIREMENT,REQ-S03-007,
M0103,REQUIREMENT,REQ-S03-007;REQ-S03-010,
M0104,REQUIREMENT,REQ-S03-007,
M0105,REQUIREMENT,REQ-S03-007,
M0106,REQUIREMENT,REQ-S03-007,
M0107,REQUIREMENT,REQ-S03-007,
M0108,REQUIREMENT,REQ-S03-007,
M0109,REQUIREMENT,REQ-S03-007,
M0110,REQUIREMENT,REQ-S03-007,
M0111,REQUIREMENT,REQ-S03-007,
M0112,REQUIREMENT,REQ-S03-007,
M0113,REQUIREMENT,REQ-S03-007,
M0114,REQUIREMENT,REQ-S03-011,
M0115,CONTEXT,,Section heading '4 Phase workflows and stage gates'; covered by REQ-S04-001..REQ-S04-014 and REQ-PB-014..021.
M0116,REQUIREMENT,REQ-PB-015;REQ-S04-001;REQ-S04-002;REQ-PB-014,
M0117,CONTEXT,,Table header row (Phase and gate / Inputs and native procedure / Required outputs and decision evidence); data rows M0118-M0123 are covered by REQ-S04-003..008.
M0118,REQUIREMENT,REQ-PB-016;REQ-S04-003;REQ-PB-028,
M0119,REQUIREMENT,REQ-PB-017;REQ-S04-004,
M0120,REQUIREMENT,REQ-PB-018;REQ-S04-005,
M0121,REQUIREMENT,REQ-PB-019;REQ-S04-006,
M0122,REQUIREMENT,REQ-PB-020;REQ-S04-007,
M0123,REQUIREMENT,REQ-PB-021;REQ-S04-008,
M0124,REQUIREMENT,REQ-PB-015;REQ-S04-009;REQ-S04-010;REQ-S04-011,
M0125,REQUIREMENT,REQ-S04-012;REQ-S04-013;REQ-S04-014;REQ-PB-003;REQ-PB-004;REQ-PB-016;REQ-PB-017;REQ-PB-018;REQ-PB-019;REQ-PB-020;REQ-PB-021;REQ-PB-037;REQ-PB-046,
M0126,CONTEXT,,"Section heading '5 Complete native forms and templates'; covered by REQ-S05-001..003, REQ-S05-005..006 (former REQ-S05-004 consolidated into REQ-PB-042) and the REQ-PB template rows."
M0127,REQUIREMENT,REQ-S05-001;REQ-S05-002;REQ-PB-029,
M0128,CONTEXT,,Table header row (ID / Source template / Minimum fields or content); data rows M0129-M0144 map to the REQ-PB template rows.
M0129,REQUIREMENT,REQ-PB-026,
M0130,REQUIREMENT,REQ-PB-032;REQ-PB-034,
M0131,REQUIREMENT,REQ-PB-039,
M0132,REQUIREMENT,REQ-PB-043,
M0133,REQUIREMENT,REQ-PB-045,
M0134,REQUIREMENT,REQ-PB-047;REQ-PB-048,
M0135,REQUIREMENT,REQ-PB-050,
M0136,REQUIREMENT,REQ-PB-051;REQ-PB-052,
M0137,REQUIREMENT,REQ-PB-056,
M0138,REQUIREMENT,REQ-PB-062;REQ-PB-063,
M0139,REQUIREMENT,REQ-PB-065,
M0140,REQUIREMENT,REQ-PB-067,
M0141,REQUIREMENT,REQ-PB-070,
M0142,REQUIREMENT,REQ-PB-075,
M0143,REQUIREMENT,REQ-PB-079;REQ-PB-080,
M0144,REQUIREMENT,REQ-PB-081,
M0145,CONTEXT,,"Lead-in to the additional source deliverables (M0146-M0149); covered by REQ-PB-029..031, REQ-PB-038/041/042, REQ-PB-053/054 and REQ-S05-003..006."
M0146,REQUIREMENT,REQ-PB-029;REQ-PB-030;REQ-PB-031,
M0147,REQUIREMENT,REQ-PB-024;REQ-PB-025;REQ-PB-038;REQ-PB-040;REQ-PB-041;REQ-PB-042;REQ-S05-003,
M0148,REQUIREMENT,REQ-PB-053;REQ-PB-054;REQ-S05-005,
M0149,REQUIREMENT,REQ-S05-006;REQ-PB-027;REQ-PB-028;REQ-PB-059,
M0150,REQUIREMENT,REQ-PB-078;REQ-PB-010;REQ-PB-043,
M0151,CONTEXT,,Section heading '6 Procedures and configurable methodology'; covered by REQ-S06-001..REQ-S06-010.
M0152,REQUIREMENT,REQ-S06-001,
M0153,REQUIREMENT,REQ-S06-002;REQ-S06-003,
M0154,REQUIREMENT,REQ-S06-004;REQ-S06-005;REQ-S06-006;REQ-PB-038;REQ-PB-093,
M0155,REQUIREMENT,REQ-S06-007;REQ-S06-008;REQ-S06-009;REQ-PB-093,
M0156,REQUIREMENT,REQ-S06-010,
M0157,CONTEXT,,Section heading '7 KPI engine and change propagation'; covered by REQ-S07-001..REQ-S07-017.
M0158,REQUIREMENT,REQ-S07-001,
M0159,REQUIREMENT,REQ-S07-002;REQ-S07-003;REQ-S07-004;REQ-S07-005;REQ-S07-006;REQ-PB-027;REQ-PB-063;REQ-PB-072;REQ-PB-076,
M0160,REQUIREMENT,REQ-PB-063;REQ-S07-007;REQ-S07-008;REQ-S07-009,
M0161,REQUIREMENT,REQ-S07-010;REQ-S07-011,
M0162,REQUIREMENT,REQ-S07-012;REQ-S07-013;REQ-S07-014,
M0163,REQUIREMENT,REQ-S07-015;REQ-S07-016,
M0164,REQUIREMENT,REQ-S07-017,
M0165,CONTEXT,,Section heading '8 Benefits and financial validation'; covered by REQ-S08-001..011 and REQ-S08-013..019 (former REQ-S08-012 consolidated into REQ-PB-058).
M0166,REQUIREMENT,REQ-PB-074;REQ-S08-001;REQ-S08-002;REQ-PB-075,
M0167,REQUIREMENT,REQ-S08-003,
M0168,REQUIREMENT,REQ-S08-004;REQ-S08-005;REQ-S08-006;REQ-PB-056,
M0169,REQUIREMENT,REQ-PB-057,
M0170,REQUIREMENT,REQ-PB-057;REQ-S08-007,
M0171,REQUIREMENT,REQ-PB-057;REQ-S08-008,
M0172,REQUIREMENT,REQ-PB-076;REQ-S08-009;REQ-S08-010;REQ-S08-011,
M0173,REQUIREMENT,REQ-PB-058;REQ-S08-013;REQ-S08-014;REQ-PB-054,
M0174,REQUIREMENT,REQ-PB-013;REQ-S08-015;REQ-S08-016;REQ-S08-017;REQ-S08-018;REQ-S08-019;REQ-PB-027;REQ-PB-075,
M0175,CONTEXT,,Section heading '9 Portfolio prioritization and execution'; covered by REQ-S09-001 and REQ-S09-003..011 (former REQ-S09-002 consolidated into REQ-PB-049; its admin-default part is REQ-PB-093 since AN-05) and REQ-PB-047..050 and REQ-PB-093.
M0176,REQUIREMENT,REQ-PB-048;REQ-PB-049;REQ-PB-093;REQ-S09-001,
M0177,REQUIREMENT,REQ-S09-003;REQ-S09-004;REQ-S09-005;REQ-PB-059,
M0178,REQUIREMENT,REQ-PB-050,
M0179,CONTEXT,,Table header row of the wave table (Wave / Purpose / Typical horizon / Entry / Exit evidence); data rows M0180-M0183 map to REQ-PB-050.
M0180,REQUIREMENT,REQ-PB-050,
M0181,REQUIREMENT,REQ-PB-050,
M0182,REQUIREMENT,REQ-PB-050,
M0183,REQUIREMENT,REQ-PB-050,
M0184,REQUIREMENT,REQ-S09-006;REQ-S09-007;REQ-S09-008;REQ-S09-009;REQ-S09-010;REQ-PB-051,
M0185,REQUIREMENT,REQ-S09-011,
M0186,CONTEXT,,Section heading '10 Governance and decisions'; covered by REQ-S10-001..REQ-S10-019.
M0187,REQUIREMENT,REQ-PB-012;REQ-S10-001,
M0188,REQUIREMENT,REQ-S10-002;REQ-S10-003;REQ-S10-004;REQ-PB-013,
M0189,REQUIREMENT,REQ-PB-060,
M0190,CONTEXT,,Table header row of the cadence table (Forum / Cadence / Required purpose and output); data rows M0191-M0195 map to REQ-PB-060/061.
M0191,REQUIREMENT,REQ-PB-060;REQ-PB-061,
M0192,REQUIREMENT,REQ-PB-060;REQ-PB-061,
M0193,REQUIREMENT,REQ-PB-060;REQ-PB-061,
M0194,REQUIREMENT,REQ-PB-060;REQ-PB-061,
M0195,REQUIREMENT,REQ-PB-060;REQ-PB-061,
M0196,REQUIREMENT,REQ-PB-066;REQ-S10-005;REQ-S10-006;REQ-PB-060;REQ-PB-064,
M0197,REQUIREMENT,REQ-PB-065,
M0198,CONTEXT,,Table header row of the T11 table (Decision / Recommend / Approve / Consult / Inform / SLA); data rows M0199-M0202 map to REQ-PB-065/066.
M0199,REQUIREMENT,REQ-PB-065;REQ-PB-066,
M0200,REQUIREMENT,REQ-PB-065;REQ-PB-066,
M0201,REQUIREMENT,REQ-PB-065;REQ-PB-066,
M0202,REQUIREMENT,REQ-PB-065;REQ-PB-066,
M0203,REQUIREMENT,REQ-PB-067;REQ-S10-007,
M0204,CONTEXT,,Table header row of the RACI table (Deliverable / Sponsor / ... / Tech/Data); data rows M0205-M0210 map to REQ-PB-067.
M0205,REQUIREMENT,REQ-PB-067,
M0206,REQUIREMENT,REQ-PB-067,
M0207,REQUIREMENT,REQ-PB-067,
M0208,REQUIREMENT,REQ-PB-067,
M0209,REQUIREMENT,REQ-PB-067,
M0210,REQUIREMENT,REQ-PB-067,
M0211,REQUIREMENT,REQ-PB-013;REQ-S10-008;REQ-S10-009;REQ-S10-010;REQ-PB-067,
M0212,REQUIREMENT,REQ-PB-068;REQ-PB-081;REQ-S10-011;REQ-S10-012;REQ-S10-013;REQ-PB-061,
M0213,REQUIREMENT,REQ-S10-014;REQ-S10-015;REQ-S10-016;REQ-S10-017;REQ-S10-018;REQ-S10-019;REQ-PB-015,
M0214,CONTEXT,,Section heading '11 People adoption and sustained performance'; covered by REQ-S11-001..002 and REQ-S11-004..009 (former REQ-S11-003 consolidated into REQ-PB-069).
M0215,REQUIREMENT,REQ-PB-070;REQ-S11-001;REQ-S11-002,
M0216,REQUIREMENT,REQ-PB-071;REQ-PB-072;REQ-PB-069,
M0217,REQUIREMENT,REQ-PB-083;REQ-S11-004;REQ-S11-005;REQ-PB-084,
M0218,REQUIREMENT,REQ-PB-009;REQ-S11-006;REQ-S11-007,
M0219,REQUIREMENT,REQ-PB-084;REQ-S11-008;REQ-S11-009,
M0220,CONTEXT,,"Section heading '12 Automation engine'; covered by REQ-S12-001..006, REQ-S12-009..012, REQ-S12-014..016 and REQ-S12-018..026 (former REQ-S12-007, -008, -013 and -017 consolidated into REQ-PB-085, REQ-S04-012, REQ-PB-082 and REQ-PB-083)."
M0221,REQUIREMENT,REQ-S12-001;REQ-S12-002;REQ-S12-003,
M0222,CONTEXT,,"Lead-in 'Required starter automations:'; the sixteen rows M0224-M0239 are covered by REQ-S12-004..006, REQ-S12-009..012, REQ-S12-014..016, REQ-S12-018..019, REQ-PB-085 (M0227), REQ-S04-012 (M0228), REQ-PB-082 (M0233) and REQ-PB-083 (M0237)."
M0223,CONTEXT,,"Table header row (Trigger / Required action); data rows M0224-M0239 are covered by REQ-S12-004..006, REQ-S12-009..012, REQ-S12-014..016, REQ-S12-018..019, REQ-PB-085, REQ-S04-012, REQ-PB-082 and REQ-PB-083."
M0224,REQUIREMENT,REQ-PB-086;REQ-S12-004,
M0225,REQUIREMENT,REQ-S12-005,
M0226,REQUIREMENT,REQ-S12-006,
M0227,REQUIREMENT,REQ-PB-085,
M0228,REQUIREMENT,REQ-S04-012;REQ-PB-016,
M0229,REQUIREMENT,REQ-S12-009,
M0230,REQUIREMENT,REQ-S12-010,
M0231,REQUIREMENT,REQ-S12-011;REQ-PB-065;REQ-PB-081,
M0232,REQUIREMENT,REQ-S12-012;REQ-PB-051,
M0233,REQUIREMENT,REQ-PB-082,
M0234,REQUIREMENT,REQ-S12-014;REQ-PB-013;REQ-PB-074,
M0235,REQUIREMENT,REQ-S12-015;REQ-PB-060,
M0236,REQUIREMENT,REQ-S12-016,
M0237,REQUIREMENT,REQ-PB-083,
M0238,REQUIREMENT,REQ-S12-018,
M0239,REQUIREMENT,REQ-S12-019,
M0240,REQUIREMENT,REQ-S12-020;REQ-S12-021;REQ-S12-022,
M0241,REQUIREMENT,REQ-S12-023;REQ-S12-024;REQ-S12-025,
M0242,REQUIREMENT,REQ-S12-026,
M0243,CONTEXT,,Section heading '13 Dashboards reports and evidence'; covered by REQ-S13-001..REQ-S13-013.
M0244,REQUIREMENT,REQ-S13-001;REQ-S13-002;REQ-S13-003;REQ-PB-062,
M0245,REQUIREMENT,REQ-PB-062;REQ-PB-063,
M0246,CONTEXT,,Table header row (Area / Required presentation / Status basis); data rows M0247-M0252 map to REQ-PB-062/063/064.
M0247,REQUIREMENT,REQ-PB-062;REQ-PB-063,
M0248,REQUIREMENT,REQ-PB-062;REQ-PB-063,
M0249,REQUIREMENT,REQ-PB-062;REQ-PB-063,
M0250,REQUIREMENT,REQ-PB-062;REQ-PB-063;REQ-S09-009,
M0251,REQUIREMENT,REQ-PB-062;REQ-PB-063;REQ-PB-064,
M0252,REQUIREMENT,REQ-PB-062;REQ-PB-063,
M0253,REQUIREMENT,REQ-S13-004;REQ-S13-005;REQ-S13-006,
M0254,REQUIREMENT,REQ-S13-007;REQ-S13-008;REQ-S13-009,
M0255,REQUIREMENT,REQ-S13-010;REQ-S13-011;REQ-S13-012;REQ-S13-013,
