req_id,add_refs
REQ-PB-003,M0125
REQ-PB-004,M0125
REQ-PB-007,M0094
REQ-PB-009,M0092
REQ-PB-010,M0150
REQ-PB-013,M0188;M0234;M0330
REQ-PB-014,M0116
REQ-PB-015,M0213
REQ-PB-016,M0125;M0228
REQ-PB-017,M0125
REQ-PB-018,M0125
REQ-PB-019,M0125
REQ-PB-020,M0125
REQ-PB-021,M0125;M0412
REQ-PB-026,M0090
REQ-PB-027,M0149;M0159;M0174
REQ-PB-028,M0118;M0149
REQ-PB-029,M0127
REQ-PB-037,M0125
REQ-PB-038,M0154
REQ-PB-039,M0090
REQ-PB-043,M0150
REQ-PB-046,M0125
REQ-PB-051,M0184;M0232
REQ-PB-053,M0329
REQ-PB-054,M0173
REQ-PB-056,M0168
REQ-PB-059,M0149;M0177
REQ-PB-060,M0196;M0235
REQ-PB-061,M0212
REQ-PB-062,M0244
REQ-PB-063,M0159
REQ-PB-064,M0196;M0302
REQ-PB-065,M0231
REQ-PB-067,M0211
REQ-PB-072,M0159
REQ-PB-074,M0234
REQ-PB-075,M0166;M0174
REQ-PB-076,M0159
REQ-PB-077,M0089
REQ-PB-079,M0090
REQ-PB-081,M0231
REQ-PB-084,M0217
REQ-PB-088,M0348
REQ-PB-089,M0302
REQ-PB-093,M0154;M0155
