req_id,class,title,source_ref,source_heading,template_id,input_fields,procedure,output,owner_roles,permissions,automation,screen_api,acceptance,increments,final_gate,status,evidence,notes
REQ-PB-001,SOURCE,Label the methodology provenance honestly as a practical synthesis inspired by PMI/Brightline/BRM and never claim official PMI status,B0004;B0024;B0155;B0156,Cover; PMI/Brightline connection; PMI / Brightline foundations,,Provenance statement (verbatim B0004);Source (PMI Organizational Transformation Series; Brightline Initiative / Transformation Compass; PMI Benefits Realization Management);Used for,"System displays the verbatim provenance statement in the Playbook reader, About page and generated report footers; the source-foundations table (Source / Used for) is shown read-only in the Playbook reader",Provenance notice and source-foundations view,ADM;TO,"edit-text:ADM(methodology admin, via versioned publish); view:all signed-in users",none,Playbook and Procedures > About this methodology; GET /api/v1/methodology/provenance,"A01: provenance text on reader/About/report footer matches B0004 verbatim; an automated text scan of UI strings (en+ar) and report templates finds no claim of 'official PMI standard', 'PMI certified' or equivalent",P1;P5,DG5,SPECIFIED,,"Playbook (B0004, B0024, B0155, B0156): the provenance statement and the source-foundations table (Source / Used for). Master-prompt additions (§2): showing the statement in the reader, the About page and report footers, and the automated scan for claims of official PMI status or certification. Interpretations: none beyond where the statement is displayed. The Arabic rendering of the statement needs linguistic review."
REQ-PB-002,SOURCE,Mark custom extensions of the playbook distinctly from PMI/Brightline-derived foundations,B0154;B0157;B0158;B0159;B0160;B0161;B0162,Source Base & What Is Custom; Custom extensions in this playbook,,Custom extension items: 6-phase integrated methodology;10-dimension Target Operating Model;stage-gate structure and most practical templates;initiative scoring model;governance cadence;30-60-90 launch plan;health check;worked roaming example;traceability chain,"Each seeded methodology element (phases, TOM dimensions, gates, templates, scoring model, cadence, launch plan, health check, roaming example, traceability chain) carries a provenance attribute 'custom extension (playbook v1.0)' shown as a badge in the Playbook reader and Studio",Provenance attribute on methodology elements,ADM;TO,edit:ADM(versioned publish only); view:all signed-in users,none,Playbook and Procedures (element badges); Administration > Playbook Studio; GET /api/v1/methodology/elements?provenance=,A01: every seeded element listed in B0158-B0162 returns provenance=custom-extension from the API and renders the badge in en and ar; no such element is labelled as a PMI standard,P2;P5,DG5,SPECIFIED,,"Playbook (B0154, B0157-B0162): the list of custom extensions. Master-prompt additions: none; §2 M0089 restates the practical-synthesis distinction, and the provenance badge is how the platform displays the source list. Interpretations: B0160 says 'most practical templates', so the platform tags all of T01-T16 as custom extensions unless an admin records otherwise."
REQ-PB-003,SOURCE,Offer the two source usage modes End-to-End and Modular when creating or entering a transformation,B0007;B0008;B0009,"How to use this playbook; One System, Two Modes",,Mode (choice: End-to-End | Modular);When to use;How;Entry phase (Modular only),User creating a transformation selects a mode; the form shows the source 'When to use' and 'How' guidance for each mode; Modular requires an entry phase,Transformation record with mode and entry phase,TL;TO,"create:TL,TO; edit-mode:TL,TO(before G1 approval; later via change request); view:scoped",Transformation created -> instantiate phase checklist for the selected mode,Transformations > New transformation; POST /api/v1/transformations,A01;A03: API accepts mode End-to-End or Modular only; Modular without entry phase is rejected with a validation error; guidance text shows 'Run Phases 1-6 sequentially...' and 'Enter at the relevant phase...' verbatim,P1;P2,DG2,SPECIFIED,,"Playbook (B0007-B0009): the two modes with their 'When to use' and 'How' text, preserved verbatim. Master-prompt additions (§3 M0095; §4 M0125): Modular enters an existing transformation at a selected phase, so a Modular transformation records its entry phase; a material change to an approved scope goes through an impact assessment and reapproval. Interpretations: a change of mode after G1 approval is treated as such a material change (the listed material changes do not name the mode), so it needs a change request. (AN-08, finding F-DG0-006: provenance labels re-checked against source_ref.)"
REQ-PB-004,SOURCE,"Enforce End-to-End sequencing: no initiative launch before North Star, outcomes and target state are clear",B0009,"One System, Two Modes (End-to-End)",,Mode;G2 Direction approval state;G3 Target State approval state;Initiative launch request,"Drafting is allowed at any time; the initiative launch/execution transition is blocked in End-to-End mode until G2 (North Star, outcomes) and G3 (target state) are approved or an authorized waiver is recorded",Blocked/allowed launch transition with reason,TL;SP,"launch-initiative:TL after G2+G3 approved; waiver:SP (recorded, never automatic); view:scoped",Gate approved -> enable next phase actions,Initiatives and Roadmaps > Initiative > Launch; POST /api/v1/initiatives/{id}/launch,"A02;A08: in an End-to-End transformation with G3 not approved, POST launch returns 422 invalid-transition with reason 'North Star, outcomes and target state not yet approved'; after G2 and G3 approval the same call succeeds",P2;P3,DG3,SPECIFIED,,"Playbook (B0009): 'Do not launch initiatives before the North Star, outcomes and target state are clear.' Master-prompt additions (§3 M0094, §4 M0125): drafts are allowed at any time, and an authorized waiver can stand in for a gate. Interpretations: 'launch' is the transition that authorizes execution, and 'clear' means G2 and G3 are approved."
REQ-PB-005,SOURCE,"Support Modular entry at a chosen phase or as a standalone TOM, business case or benefits register and flag missing links to outcomes and benefits",B0008;B0009,"One System, Two Modes (Modular)",,Entry phase;Standalone deliverable type (Target Operating Model | initiative business case | benefits register);Inherited evidence;Minimum mandatory templates;Links to outcomes;Links to benefits,"User enters at the relevant phase, completes the minimum mandatory templates, and reconnects to outcomes and benefits; the system lists missing upstream links and never marks earlier gates approved without recorded evidence",Modular transformation or standalone deliverable with missing-link report,TL;TO;BO,"create:TL,TO; edit:TL,TO,BO(owned records); view:scoped",Missing mandatory evidence -> display missing items and block gate submission,Transformations > Enter at phase; GET /api/v1/transformations/{id}/missing-links,A03: a transformation entering at Design with no baseline and no outcome links shows both as missing and G3 submission is rejected by the API until they are supplied or an authorized waiver exists,P2;P3;P4,DG4,SPECIFIED,,"Playbook (B0008, B0009): Modular entry at the relevant phase; the standalone deliverables (TOM, initiative business case, benefits register); completing the minimum mandatory templates and reconnecting to outcomes and benefits. Master-prompt additions (§3 M0095): the missing-link report, and earlier gates are never marked approved without recorded evidence. Interpretations: the minimum mandatory templates per phase are configurable, with defaults set in Playbook Studio."
REQ-PB-006,SOURCE,Apply 'Outcome before activity': initiatives cannot be submitted for prioritization without a linked measurable outcome,B0011,Design principles,,Initiative;Linked outcome(s);Linked KPI(s),"When an initiative is submitted to the prioritization scorecard or to G4 evidence, the system checks for at least one linked outcome with a KPI",Validation result on initiative submission,WL;TL,"submit:WL,TL; view:scoped",none,Initiatives and Roadmaps > Initiative > Submit; POST /api/v1/initiatives/{id}/submit,A01: submitting an initiative with no outcome/KPI link returns a validation error naming 'Outcome before activity'; the same initiative with a link is accepted,P3,DG3,SPECIFIED,,"Playbook (B0011): the principle 'Outcome before activity'. Master-prompt additions: none. Interpretations: enforcing it as a validation when an initiative is submitted to prioritization or to G4; the source states the principle, not the checkpoint. (AN-08, finding F-DG0-006: provenance labels re-checked against source_ref.)"
REQ-PB-007,SOURCE,"Apply 'Current state before solution': require a diagnostic covering economics, customer, operations, capability and technology before initiatives are prescribed",B0012,Design principles,,T01 diagnostic rows by dimension;Initiative,"In End-to-End mode, initiatives created before the G1 diagnostic is approved stay in Draft; the diagnostic readiness shows which of the diagnosed areas are missing",Readiness indicator and draft-only initiative status,TL;TO,"create-draft:WL,TL; promote:TL after G1; view:scoped",none,Transformations > Diagnose; GET /api/v1/transformations/{id}/readiness,A01;A02: before G1 approval an initiative cannot leave Draft (API 422 invalid-transition); readiness lists missing diagnostic dimensions,P2;P3,DG3,SPECIFIED,,"Playbook (B0012): the principle 'Current state before solution' and its five diagnosed areas. Master-prompt additions (§3 M0094): drafts may be prepared at any time, but required gate approvals are enforced before authorized execution. Interpretations: initiatives stay in Draft until G1 is approved, and the readiness indicator lists the diagnosed areas still missing. (AN-08, finding F-DG0-006: provenance labels re-checked against source_ref.)"
REQ-PB-008,SOURCE,"Apply 'Operating model before execution': decision rights, ownership and cross-functional ways of working are explicit before execution",B0013,Design principles,,Charter decision rights;T11 Decision Rights Matrix;T12 RACI;Owners,"Execution-phase readiness (Transform) checks that the charter's decision rights are filled, T11 has at least the seeded decisions with an Approve role, and T12 has an accountable role per deliverable",Transform-phase readiness result,TL;TO,"view:scoped; edit:TL,TO",none,Governance > Readiness; GET /api/v1/transformations/{id}/readiness?phase=transform,A01: readiness for Transform shows 'not ready' when T11 or charter decision rights are empty and 'ready' once they are completed,P2;P4,DG4,SPECIFIED,,"Playbook (B0013): the principle 'Operating model before execution'. Master-prompt additions: none. Interpretations: the specific Transform readiness checks (charter decision rights filled, T11 seeded decisions with an Approve role, T12 one accountable role per deliverable); the source states the principle only. (AN-08, finding F-DG0-006: provenance labels re-checked against source_ref.)"
REQ-PB-009,SOURCE,"Apply 'Benefits before closure': an initiative is complete only when value is realized and sustained, not when delivered",B0014,Design principles,,Delivery status;Value realization status;Sustainment status,"Initiatives carry separate delivery, value-realization and sustainment statuses; closure requires validated benefits and sustainment owner or a documented transition decision",Separate statuses; closure only when value conditions met,WL;BO;FIN,set-delivery:WL; validate-value:FIN; accept-sustain:BO; close:TL; view:scoped,none,Initiatives and Roadmaps > Initiative > Status; PATCH /api/v1/initiatives/{id}/status,A11: an initiative with delivery=Complete and no validated benefit cannot be closed (API 422 invalid-transition); UI shows 'Delivered — value validation pending',P3;P4,DG4,SPECIFIED,,"Playbook (B0014): the principle 'Benefits before closure'. Master-prompt additions (§3 M0092, §11 M0218): separate delivery, value-realization and sustainment statuses, and the documented transition decision. Interpretations: the closure rule (validated benefits plus a sustainment owner, or a transition decision), enforced as API 409."
REQ-PB-010,SOURCE,"Apply 'One source of truth': keep the charter, roadmap, initiative portfolio and benefits register linked as canonical records",B0015,Design principles,,Charter;Roadmap;Initiative portfolio;Benefits register,"Charter, roadmap, portfolio and benefits register reference the same canonical records (no copies); editing an initiative updates its roadmap and benefits views",Linked canonical records,TO;TL,edit:record owners; view:scoped,none,"Transformations > Workspace; canonical resources /api/v1/initiatives, /api/v1/benefits","A01: renaming an initiative changes it in roadmap, scorecard and benefits register views in one update; no duplicate initiative rows exist in the database",P2;P3;P4,DG4,SPECIFIED,,"Playbook (B0015): keep the charter, roadmap, initiative portfolio and benefits register linked. Master-prompt additions (§5 M0150): the records are canonical and referenced, not copied. Interpretations: none."
REQ-PB-011,SOURCE,Show the four guiding questions and tag each deliverable with the question it answers,B0016,Rule of thumb,,Question (Why change? | What must become different? | How will we execute? | How will we prove value?);Deliverable type,"Each methodology template/deliverable carries one of the four questions, shown in form headers and the Playbook reader",Question tag on deliverable definitions,ADM;TO,edit:ADM(methodology admin); view:all signed-in users,none,Playbook and Procedures; Administration > Playbook Studio > Templates,A01: all four questions render verbatim (en) with ar translations; every seeded template has exactly one question tag,P2;P5,DG5,SPECIFIED,,"Playbook (B0016): the four guiding questions. Master-prompt additions: none. Interpretations: mapping each template to exactly one question; the source gives the rule, not the mapping, so the seeded mapping is an analyst default. (AN-08, finding F-DG0-006: provenance labels re-checked against source_ref.)"
REQ-PB-012,SOURCE,Seed the six minimum governance roles with their source accountabilities and assign them per transformation,B0017;B0018,Minimum governance roles,,Role (Executive Sponsor | Transformation Lead | Business Owners | Workstream Leads | Finance / Value Office | Transformation Office);Accountability;Assigned person or governed group;Scope,Admin seeds roles; Transformation Lead/Office assign named people to roles per transformation; accountability text shown on the role assignment,Role catalogue and per-transformation role assignments,TO;TL;ADM,"assign:TO,TL; manage-catalogue:ADM; view:scoped; note:ADM cannot grant business approvals",Transformation created -> create role-assignment tasks,Administration > Organization and access; Transformation > Team; /api/v1/transformations/{id}/role-assignments,A12: a user assigned Workstream Lead on transformation X cannot read transformation Y; role accountability text matches B0018,P1;P2,DG2,SPECIFIED,,"Playbook (B0017, B0018): the six minimum governance roles and their accountability text. Master-prompt additions (§10 M0187): the implementation roles KDS, TD, CM/SEC, AUD and ADM; per-transformation scoped assignment; ADM cannot grant business approvals. Interpretations: none."
REQ-PB-013,SOURCE,"Restrict Finance / Value Office validation of baseline, benefit logic and value realization to the Finance role",B0018;B0084,Minimum governance roles; Transformation Business Case,,Baseline validation status;Benefit logic validation status;Realized value validation status;Validator;Validation date,"Only users holding FIN on the transformation can mark a baseline, benefit formula or realized value as validated; others can submit for validation",Validation decisions with validator identity,FIN;BO,"submit:BO,WL,KDS; validate:FIN only; view:scoped",Benefit evidence submitted -> route to Finance validation queue,Benefits and Finance > Validation queue; POST /api/v1/validations,A10;A12: a Business Owner calling the validate endpoint receives 403; a Finance user succeeds and the audit event records validator identity,P2;P3;P4,DG4,SPECIFIED,,"Playbook (B0018, B0084): Finance / Value Office validates the baseline, benefit logic and value realization, early and not after delivery. Master-prompt additions (§8 M0174; §10 M0188, M0211; §12 M0234; §16 M0330): validation is exclusive to FIN and enforced on the server (403 for anyone else), routed through a validation queue, and audited with the validator's identity. Interpretations: none."
REQ-PB-014,SOURCE,"Model the six phases with name, purpose, key outputs and phase objective",B0020;B0021;B0027;B0046;B0054;B0068;B0091;B0119,The 6-Phase Transformation System,,Phase number;Phase name (DIAGNOSE | DEFINE | DESIGN | MOBILIZE | TRANSFORM | REALIZE);Purpose (Establish fact base | Set direction | Create target state | Build execution portfolio | Execute & govern | Prove & sustain value);Key outputs;Objective,"Each transformation shows its current phase, the phase purpose, source objective text and key outputs with completion status",Phase workspace per transformation,TL;TO,advance-phase:via gate approval only; view:scoped,Gate approved -> enable next phase and create its tasks,Transformations > Workspace > Phases; GET /api/v1/transformations/{id}/phases,A01;A02: API returns exactly six phases in order with names and purposes matching B0021; each phase page shows its objective text,P1;P2;P3;P4,DG4,SPECIFIED,,"Playbook (B0020, B0021, B0027, B0046, B0054, B0068, B0091, B0119): the six phases with name, purpose, key outputs and objective. Master-prompt additions (§4 M0116): a phase advances only through gate approval, and the next phase's tasks are created. Interpretations: none."
REQ-PB-015,SOURCE,Model the six stage gates G1-G6 as explicit approval records with decision question and evidence required,B0022;B0023;B0160,Stage gates,,Gate (G1 - Case for Change | G2 - Direction | G3 - Target State | G4 - Mobilization | G5 - Scale | G6 - Sustain);Decision question;Evidence required;Submission;Approver;Decision;Rationale,"Owner assembles evidence, submits the gate; approver records decision against the evidence snapshot; gates are never inferred from task completion",Gate approval record tied to evidence snapshot,TL;SP;TO,submit:TL; approve:SP (or configured approver); view:scoped; ADM cannot approve,Valid gate submission -> route evidence snapshot to approvers,"Governance > Stage gates; POST /api/v1/gates/{id}/submissions, POST /api/v1/gates/{id}/decisions",A08: submission with missing mandatory evidence is rejected; approval by a non-approver returns 403; approval of a stale submission version is rejected,P2;P3;P4,DG4,SPECIFIED,,"Playbook (B0022, B0023, B0160): six gates with a decision question and the evidence required. The source names no gate approver. Master-prompt additions (§4 M0116, M0124; §10 M0213): explicit approval records tied to an evidence snapshot and never inferred from task completion; approval by a non-approver, or of a stale version, is rejected; ADM cannot approve. Interpretations: the default approver is the Executive Sponsor (B0018 'approves major trade-offs'), configurable per gate. Where T11 (B0099) names the decision a gate embodies, the gate can be configured to that approver: G3 per 'Target-state design' and G5 per 'Go-live / scale' (REQ-PB-018, REQ-PB-020). Gate workflow states and waivers are USER rows (REQ-S04-010, REQ-S04-013)."
REQ-PB-016,SOURCE,"G1 Case for Change: require diagnostic, baseline, root causes and value pools as gate evidence",B0023,Stage gates — G1,,Diagnostic;Baseline;Root causes;Value pools,"G1 checklist auto-links T01, baseline records and value pools; missing items block submission",G1 evidence checklist,TL;SP;FIN,submit:TL; approve:SP; view:scoped,Mandatory gate evidence missing -> block submission,Governance > Stage gates > G1,A08: G1 submission without any value pool record returns a validation error listing 'Value pools',P2,DG2,SPECIFIED,,"Playbook (B0023): the G1 evidence (diagnostic, baseline, root causes, value pools). Master-prompt additions (§4 M0125, §12 M0228): submission is blocked while mandatory evidence is missing. Interpretations: the checklist links T01, baseline records and value-pool records as the evidence items."
REQ-PB-017,SOURCE,"G2 Direction: require North Star, outcome tree, KPI definitions and guardrails as gate evidence",B0023,Stage gates — G2,,North Star;Outcome tree;KPI definitions;Guardrails,"G2 checklist links North Star, T02 tree, KPI definitions and guardrails; missing items block submission",G2 evidence checklist,TL;SP,submit:TL; approve:SP; view:scoped,Mandatory gate evidence missing -> block submission,Governance > Stage gates > G2,A08: G2 submission without guardrails is rejected listing 'Guardrails',P2,DG2,SPECIFIED,,"Playbook (B0023): the G2 evidence (North Star, outcome tree, KPI definitions, guardrails). Master-prompt additions (§4 M0125): submission is blocked while mandatory evidence is missing. Interpretations: none."
REQ-PB-018,SOURCE,"G3 Target State: require Target Operating Model, capability gaps and future journeys as gate evidence",B0023,Stage gates — G3,,Target Operating Model;Capability gaps;Future journeys,"G3 checklist links TOM canvas/T03, capability gaps and future journeys; missing items block submission",G3 evidence checklist,TL;BO;SP,submit:TL; approve:SP or BO per T11 'Target-state design'; view:scoped,Mandatory gate evidence missing -> block submission,Governance > Stage gates > G3,A08: G3 submission with no future journey record is rejected listing 'Future journeys',P2,DG2,SPECIFIED,,"Playbook (B0023): the G3 evidence (Target Operating Model, capability gaps, future journeys). Master-prompt additions (§4 M0125): submission is blocked while mandatory evidence is missing. Interpretations: the approver. B0023 names no gate approver; the default is SP, configurable to BO per T11 'Target-state design' (B0099)."
REQ-PB-019,SOURCE,"G4 Mobilization: require initiative cards, business cases, roadmap, owners and capacity as gate evidence",B0023,Stage gates — G4,,Initiative cards;Business cases;Roadmap;Owners;Capacity,"G4 checklist links T05 cards, business cases, T07 roadmap, owners and capacity records; missing items block submission",G4 evidence checklist,TL;SP;FIN,submit:TL; approve:SP; view:scoped,Mandatory gate evidence missing -> block submission,Governance > Stage gates > G4,A08: G4 submission where an initiative has no owner is rejected listing 'Owners',P3,DG3,SPECIFIED,,"Playbook (B0023): the G4 evidence (initiative cards, business cases, roadmap, owners, capacity). Master-prompt additions (§4 M0125): submission is blocked while mandatory evidence is missing. Interpretations: none."
REQ-PB-020,SOURCE,"G5 Scale: require performance evidence, adoption, risk closure and decision log as gate evidence",B0023,Stage gates — G5,,Performance evidence;Adoption;Risk closure;Decision log,"G5 checklist links pilot/performance evidence, adoption indicators, closed or dispositioned risks and T16 entries",G5 evidence checklist,TL;SP;BO,submit:TL; approve:SP (default) or BO per T11 'Go-live / scale' (configurable per gate); view:scoped,Mandatory gate evidence missing -> block submission,Governance > Stage gates > G5,"A08;A11: G5 submission with an open High-impact risk and no disposition is rejected listing 'Risk closure'; with the G5 approver configured to BO per T11 'Go-live / scale', an SP approval returns 403 and a BO approval succeeds",P4,DG4,SPECIFIED,,"Playbook (B0023): the G5 evidence (performance evidence, adoption, risk closure, decision log). Master-prompt additions (§4 M0122, M0125): 'risk closure' is met by closed risks or approved dispositions, and submission is blocked while mandatory evidence is missing. Interpretations: (1) The approver. B0023 names no gate approver. The default is SP (B0018 'approves major trade-offs'); it can be configured to BO per T11 'Go-live / scale' (B0099), in the same way as G3 in REQ-PB-018 (AN-05, finding F-DG0-002). G5 is the transformation-level gate. T11 'Go-live / scale' decisions on individual initiatives are separate decision records (Recommend: initiative owner; Approve: BO; Consult: Risk/Tech/CX; Inform: SteerCo) that feed G5's decision-log evidence. (2) 'High-impact' as the materiality threshold in the acceptance."
REQ-PB-021,SOURCE,"G6 Sustain: require benefits evidence, ownership transfer, controls and continuous improvement backlog as gate evidence",B0023,Stage gates — G6,,Benefits evidence;Ownership transfer;Controls;Continuous improvement backlog,"G6 checklist links validated benefit evidence, accepted BAU handover, controls and the CI backlog",G6 evidence checklist,TL;SP;BO;FIN,submit:TL; approve:SP; view:scoped,Mandatory gate evidence missing -> block submission,Governance > Stage gates > G6,A08;A11: G6 submission without an accepted BAU handover is rejected listing 'Ownership transfer',P4,DG4,SPECIFIED,,"Playbook (B0023): the G6 evidence (benefits evidence, ownership transfer, controls, continuous-improvement backlog). Master-prompt additions (§4 M0125, §21 M0412): submission is blocked while mandatory evidence is missing, and product G6 never implies engineering gate DG7. Interpretations: none."
REQ-PB-022,SOURCE,"Enforce the Gate 1 rule: no list of projects proceeds until leadership agrees on problem, baseline and material value pools",B0032,Gate 1,,Leadership agreement on problem;Leadership agreement on baseline;Material value pools,"G1 approval records explicit leadership agreement on problem, baseline and material value pools; before G1 approval (End-to-End) initiatives stay Draft and cannot enter the portfolio",G1 decision with agreement flags,SP;TL,approve:SP; view:scoped,none,Governance > Stage gates > G1; POST /api/v1/gates/{id}/decisions,"A08;A02: G1 approval without the three agreement confirmations is rejected; pre-G1, adding an initiative to the portfolio returns 409",P2;P3,DG3,SPECIFIED,,"Playbook (B0032): do not proceed with a list of projects until the leadership team agrees on the problem, baseline and material value pools. Master-prompt additions: none. Interpretations: the agreement is recorded as three confirmations on the G1 decision, and before G1 (End-to-End) initiatives stay Draft and cannot enter the portfolio."
REQ-PB-023,SOURCE,Organize the diagnostic into the six source workstreams with key questions and typical outputs,B0029,Core work (Diagnose),,Workstream (Business & Financial | Customer | Process & Operations | Organization & Governance | Technology & Data | Capability);Key questions;Typical outputs,"Diagnose workspace lists the six workstreams with their key questions; users attach outputs (e.g. Baseline P&L bridge, value pools, trend analysis; journey pain points; process map; RACI gaps; architecture pain points; capability heatmap) as linked records or evidence",Diagnostic workstream records with linked outputs,TL;WL;TO,"edit:TL,WL(assigned),TO; view:scoped",none,Transformations > Diagnose > Workstreams; /api/v1/transformations/{id}/diagnostic-workstreams,A01: the six workstreams and their key questions are seeded verbatim; an output linked to a workstream is persisted and shown in the G1 pack,P2,DG2,SPECIFIED,,"Playbook (B0029): the six workstreams with their key questions and typical outputs, seeded verbatim. Master-prompt additions: none. Interpretations: outputs are attached as linked records or evidence and shown in the G1 pack."
REQ-PB-024,SOURCE,Provide an editable capability heatmap with build/buy/partner needs,B0029;B0021,Core work (Capability); The 6-Phase Transformation System (Design: capabilities),,Capability;Current level;Target level;Gap;Build/buy/partner need;Owner,Users rate capabilities current vs target and record build/buy/partner need; gaps link to T03 and initiatives,Capability heatmap,BO;TL;WL,"edit:BO,TL; view:scoped",none,Target Operating Model > Capabilities; /api/v1/capabilities,A01: a capability with a gap can be linked to a TOM gap row; heatmap renders from persisted ratings in en and ar,P2,DG2,SPECIFIED,,"Playbook (B0029, B0021): the capability heatmap with build/buy/partner needs. Master-prompt additions (§5 M0147): an owner, and links from capability gaps to T03 and to initiatives. Interpretations: the current/target rating scale, which the source does not give."
REQ-PB-025,SOURCE,"Provide journey and process maps capturing pain points, cycle time and failure demand",B0029;B0021;B0056,Core work (Customer; Process & Operations); TOM dimension 3,,Journey/process name;Steps;Actors;Handoffs;Systems;Controls;Pain points;Cycle time;Failure demand;Current or future state,Users build current and future journey/process maps; future journeys serve as G3 evidence,Journey/process maps,BO;WL;TL,"edit:BO,WL,TL; view:scoped",none,Target Operating Model > Journeys and processes; /api/v1/journeys,A01: a future-state journey is linkable as G3 evidence; pain points link to T01 rows,P2,DG2,SPECIFIED,,"Playbook (B0029, B0021, B0056, B0023): journeys and processes with pain points, cycle time and failure demand; future journeys are G3 evidence. Master-prompt additions (§5 M0147): the steps, actors, handoffs, systems and controls fields. Interpretations: pain points link to T01 rows."
REQ-PB-026,SOURCE,Implement Template 1 Current-State Diagnostic as a native register,B0030;B0031,Template 1 — Current-State Diagnostic,T01,Dimension;Current state;Evidence / baseline;Root cause;Impact;Confidence,"Register pre-seeded with dimensions Financial, Customer, Process, People / Org, Technology, Data; users fill each row; Confidence is H / M / L; Impact accepts SAR or KPI",T01 diagnostic register,TL;WL;FIN;TO,"create/edit:TL,WL,TO; comment:FIN,BO; view:scoped",none,Transformations > Diagnose > Current-state diagnostic; /api/v1/transformations/{id}/diagnostic-items,A01: T01 form persists all 6 source columns; the six dimensions are pre-seeded; Confidence outside H/M/L is rejected by the API,P2,DG2,SPECIFIED,,"Playbook (B0030, B0031): T01's six columns, the six seeded dimensions, Confidence H / M / L and Impact as SAR or KPI. Master-prompt additions (§2 M0090): server-side validation, which rejects Confidence values outside H/M/L. Interpretations: none."
REQ-PB-027,SOURCE,"Record measurable baselines with metric, source and baseline date",B0023;B0031;B0035;B0042;B0085,Template 1 (Evidence / baseline); Charter (Baseline date); Scope sanity check; Business case (Baseline),,Baseline metric;Value;Unit;Source;Baseline date;Scope (Revenue | cost | customer | operational | capability);Validation status,"Users record baselines referenced by T01, T02, T09, T14 and the business case; Finance validates; unvalidated baselines are labelled",Baseline records,TL;KDS;FIN,"create/edit:TL,KDS; validate:FIN; view:scoped",none,Strategy and KPIs > Baselines; /api/v1/baselines,"A01;A05: a baseline without a value or source is flagged 'not measurable'; a missing baseline shows Unknown, never zero",P2,DG2,SPECIFIED,,"Playbook (B0023, B0031, B0035, B0042, B0085): measurable baselines with metric and source, and a baseline date. Master-prompt additions (§5 M0149, §7 M0159, §8 M0174): a separate baseline registry (extension), a Finance validation status, and Unknown (never zero) when a baseline is missing. Interpretations: none."
REQ-PB-028,SOURCE,Record value pools quantified by driver with upside and downside,B0021;B0023;B0029;B0032;B0085,Diagnose outputs; Business case (Value pools),,Value pool;Driver;Upside;Downside;Currency (SAR);Materiality;Evidence;Confidence,Users quantify value pools by driver; material pools are flagged for G1 agreement; unquantified pools are labelled explicitly,Value-pool register,TL;FIN;WL,"create/edit:TL,WL; validate:FIN; view:scoped",none,Transformations > Diagnose > Value pools; /api/v1/value-pools,"A01: a value pool without quantification is shown as 'unquantified', not zero; material pools appear in the G1 pack",P2,DG2,SPECIFIED,,"Playbook (B0021, B0023, B0029, B0032, B0085): value pools quantified by driver with upside and downside; material pools are G1 evidence. Master-prompt additions (§5 M0149, §4 M0118): the value-pool register (extension), and 'unquantified' labelling instead of zero. Interpretations: none."
REQ-PB-029,SOURCE,Implement the Transformation Charter as a first-class record with all 14 source fields,B0034;B0035,Transformation Charter,CHARTER,Transformation name;Executive sponsor;Transformation lead;Case for change;North Star;In scope;Out of scope;Baseline date;Target horizon;Top 3-5 outcomes;Strategic guardrails;Governance forum;Decision rights;Success definition,"TL drafts the charter from the transformation workspace, links outcomes and guardrails, versions it, and submits it with G1/G2 evidence",Versioned transformation charter,TL;SP;BO;FIN,"create/edit:TL; approve:SP (RACI A); consult:BO,FIN; view:scoped",none,Transformations > Charter; /api/v1/transformations/{id}/charter,A01: the charter form persists all 14 fields; Baseline date is a valid date; a saved change creates a new charter version with history retained,P1;P2,DG2,SPECIFIED,,"Playbook (B0034, B0035): the 14 charter fields. Master-prompt additions (§5 M0127): versioning with retained history. Interpretations: none. The transformation name is created in P1 and the full charter in P2."
REQ-PB-030,SOURCE,Capture the transformation thesis in its four-part causal sentence,B0036;B0037,Transformation thesis,CHARTER,Capabilities / journeys / operating model changed;Customer/operational outcomes improved;Financial/strategic benefits created;Evidence / causal logic,"Charter includes a structured thesis; the system renders 'If we change ..., then ... will improve, which will create ..., because ...'",Thesis statement on the charter,TL;SP,edit:TL; approve:SP (with charter); view:scoped,none,Transformations > Charter > Thesis,A01: thesis with any of the four parts empty is flagged incomplete; rendered sentence matches the source structure,P2,DG2,SPECIFIED,,"Playbook (B0036, B0037): the four-part thesis sentence. Master-prompt additions: none; §5 M0146 restates the thesis sentence. Interpretations: a thesis with any part empty is flagged incomplete."
REQ-PB-031,SOURCE,Run the five scope sanity checks on the charter,B0038;B0039;B0040;B0041;B0042;B0043,Scope sanity check,CHARTER,Is scope tied to outcomes rather than departments?;Can each major scope item be traced to a diagnosed problem or opportunity?;Are explicit exclusions documented?;Is the baseline measurable?;Are executive decisions required to unblock the transformation visible?;Response;Evidence,"Charter shows the five checks; system pre-evaluates checks it can (exclusions present, baseline measurable, scope items linked to T01) and users confirm the rest with evidence",Scope sanity check result on the charter,TL;SP,respond:TL; view:scoped,none,Transformations > Charter > Scope sanity check,A01: all five questions render verbatim; an empty Out of scope field makes 'Are explicit exclusions documented?' fail,P2,DG2,SPECIFIED,,"Playbook (B0038-B0043): the five questions, verbatim. Master-prompt additions (§5 M0146): the five scope sanity checks are part of the native charter record. Interpretations: the response values (Yes/No/Partial), which neither source gives, and the system's pre-evaluation of the checks it can compute. (AN-08, finding F-DG0-006: provenance labels re-checked against source_ref.)"
REQ-PB-032,SOURCE,"Model the outcome hierarchy from North Star to strategic outcomes, KPIs, targets and initiative contribution",B0047;B0048,Outcome hierarchy,T02,Level (North Star | Strategic Outcomes | KPIs | Targets | Initiative Contribution);Definition;Example,Users build a linked tree; initiatives link to outcomes with a contribution statement,Outcome hierarchy tree,TL;BO;KDS,"edit:TL,BO; view:scoped",none,Strategy and KPIs > Outcome tree; /api/v1/outcomes,A01: tree nodes for all five levels persist and link; an initiative contribution without an outcome link is rejected,P2;P3,DG3,SPECIFIED,,"Playbook (B0047, B0048): the five levels from North Star to initiative contribution. Master-prompt additions: none; §5 M0130 restates the hierarchy from North Star to initiative contributions. Interpretations: an initiative contribution without an outcome link is rejected."
REQ-PB-033,SOURCE,"Hold exactly one current North Star per transformation, stated as one concise sentence",B0035;B0048,Charter (North Star); Outcome hierarchy,,North Star,The North Star is edited on the charter and shown at the top of the outcome tree and transformation header,North Star,TL;SP,edit:TL; approve:SP; view:scoped,none,Transformations > Header; Strategy and KPIs,A01: creating a second active North Star for the same transformation returns 409; the transformation header shows the North Star,P2,DG2,SPECIFIED,,"Playbook (B0035, B0048): the North Star is one concise sentence describing the future outcome. Master-prompt additions: none. Interpretations: exactly one current North Star per transformation, so a second active one is rejected (409)."
REQ-PB-034,SOURCE,Implement Template 2 Outcome & KPI Tree as a native register,B0049;B0050;B0048,Template 2 — Outcome & KPI Tree,T02,Outcome;KPI;Baseline;Target;Target date;Owner;Leading indicator,"Users enter each outcome with its KPI, baseline, target, target date, owner and leading indicator; rows link into the outcome hierarchy",T02 outcome and KPI tree,TL;BO;KDS,"create/edit:TL,BO,KDS; view:scoped",none,Strategy and KPIs > Outcome & KPI tree; /api/v1/transformations/{id}/outcome-kpis,A01: T02 persists all 7 source columns; a row without Target date is rejected (targets are time-bound per B0048),P2,DG2,SPECIFIED,,"Playbook (B0049, B0050, B0048): T02's seven columns; targets are time-bound. Master-prompt additions: none; §5 M0130 restates T02's columns. Interpretations: Target date is mandatory (from 'time-bound' in B0048)."
REQ-PB-035,SOURCE,Warn when the charter does not hold 3-5 top outcomes,B0035,Charter (Top 3-5 outcomes),CHARTER,Top 3-5 outcomes (Outcome + KPI + target),Charter counts linked top outcomes and shows a warning below 3 or above 5; G2 readiness shows the count,Outcome count warning,TL,view:scoped,none,Transformations > Charter,A01: a charter with 2 top outcomes shows the warning; with 4 it does not,P2,DG2,SPECIFIED,,"Playbook (B0035): 'Top 3-5 outcomes'. Master-prompt additions: none. Interpretations: '3-5' is read as guidance, so a count outside it warns rather than blocks. (AN-08, finding F-DG0-006: provenance labels re-checked against source_ref.)"
REQ-PB-036,SOURCE,Apply the good outcome test to every outcome,B0051,Good outcome test,T02,Specific;Measurable;Strategically relevant;Owned by a business leader;Achievable through a defined causal chain,"Each outcome shows the five criteria; system checks measurable (KPI linked), owned (owner set) and flags statements that are only 'launch', 'implement' or 'deliver'",Outcome quality result,TL;BO,"edit:TL,BO; view:scoped",none,Strategy and KPIs > Outcome > Quality check,A01: an outcome worded 'Launch new app' with no KPI fails the test with reasons; G2 readiness lists failing outcomes,P2,DG2,SPECIFIED,,"Playbook (B0051): the five criteria and the 'not just launch, implement or deliver' wording. Master-prompt additions: none. Interpretations: the automated checks (KPI linked, owner set) and the keyword flagging; neither source specifies how the test is evaluated. (AN-08, finding F-DG0-006: provenance labels re-checked against source_ref.)"
REQ-PB-037,SOURCE,Record strategic guardrails as non-negotiables,B0035;B0021;B0023,Charter (Strategic guardrails); Phase 2 outputs,CHARTER,Guardrail;Category (regulatory | CX | capex | risk | brand | other);Statement,Users list guardrails on the charter; guardrails are G2 evidence,Guardrail records,TL;SP,edit:TL; approve:SP; view:scoped,none,Transformations > Charter > Guardrails; /api/v1/guardrails,A01;A08: guardrails persist with category; G2 cannot be submitted with zero guardrails,P2,DG2,SPECIFIED,,"Playbook (B0035, B0021, B0023): guardrails are non-negotiables with the category examples, and are G2 evidence. Master-prompt additions (§4 M0125): G2 cannot be submitted with zero guardrails. Interpretations: the source's examples, plus 'other', form the category list."
REQ-PB-038,SOURCE,Seed the 10 TOM dimensions with their design questions,B0055;B0056;B0159,The 10-dimension Target Operating Model,TOM-CANVAS,Dimension (1. Customer & Value Proposition | 2. Products & Services | 3. Journeys & Processes | 4. Organization | 5. Governance & Decision Rights | 6. People & Capabilities | 7. Technology | 8. Data & Analytics | 9. Partners & Sourcing | 10. Performance Management);Design question,System seeds the ten dimensions as stable identifiers with labels and design questions; dimensions cannot be deleted,TOM dimension catalogue,ADM;TO,edit-labels:ADM; view:all signed-in users,none,Target Operating Model; GET /api/v1/tom-dimensions,A01: API returns exactly the ten dimensions with design questions matching B0056,P2,DG2,SPECIFIED,,"Playbook (B0055, B0056, B0159): the ten dimensions and their design questions. Master-prompt additions (§6 M0154): stable identifiers that cannot be deleted. Interpretations: none."
REQ-PB-039,SOURCE,Implement Template 3 TOM Gap Matrix as a native register,B0057;B0058,Template 3 — TOM Gap Matrix,T03,TOM dimension;Current state;Target state;Gap;Design decision;Owner,"Users add gap rows per dimension, link design decisions (T04) and owners",T03 TOM gap matrix,BO;TL;WL,"create/edit:TL,BO; view:scoped",none,Target Operating Model > Gap matrix; /api/v1/transformations/{id}/tom-gaps,A01: T03 form persists all 6 source columns; a TOM gap row without a dimension is rejected by the API,P2,DG2,SPECIFIED,,"Playbook (B0057, B0058): T03's six columns. Master-prompt additions (§2 M0090): server-side validation, which rejects a gap row without a dimension. Interpretations: none."
REQ-PB-040,SOURCE,Keep the TOM distinct from the project portfolio,B0059,Design principle (A project portfolio is not a TOM),,TOM gap;Initiative (vehicle);Link,TOM records describe the future operating state; initiatives are a separate entity linked as vehicles to TOM gaps; G3 evidence can't be satisfied by initiatives,Separate TOM and initiative entities with links,BO;TL,"view:scoped(SP,TL,BO,WL,FIN,TO,KDS,TD,CM,SEC,AUD)",none,Target Operating Model; Initiatives and Roadmaps,A01: attaching an initiative as G3 TOM evidence is rejected; an initiative links to one or more TOM gaps,P2;P3,DG3,SPECIFIED,,"Playbook (B0059): a project portfolio is not a TOM; initiatives are the vehicles. Master-prompt additions: none; §5 M0147 restates that a list of projects is not the target operating model. Interpretations: attaching an initiative as G3 TOM evidence is rejected, and initiatives link to TOM gaps."
REQ-PB-041,SOURCE,Implement the Target Operating Model Canvas with the ten source boxes and prompts,B0061;B0062,Target Operating Model Canvas,TOM-CANVAS,CUSTOMER & VALUE (Segments / needs / promise / experience principles);PRODUCTS & SERVICES (Portfolio / bundles / pricing / service model);JOURNEYS & PROCESSES (Critical E2E journeys / automation / controls);ORGANIZATION (Structure / role clarity / accountability);GOVERNANCE (Decision rights / forums / escalation);PEOPLE & CAPABILITY (Skills / capacity / incentives / behaviors);TECHNOLOGY (Platforms / architecture / integration);DATA & ANALYTICS (Sources / ownership / insight / AI / measurement);PARTNERS & SOURCING (Partner model / vendors / build-buy-partner);PERFORMANCE (KPIs / benefits / management cadence / CI),Users write target-state design per box (rich text) with the source prompts as help; each box maps to one of the ten TOM dimensions,Versioned TOM canvas,BO;TL,"edit:BO,TL; approve:BO (per T11 Target-state design); view:scoped",none,Target Operating Model > Canvas; /api/v1/transformations/{id}/tom-canvas,A01: the canvas shows ten boxes with source prompts; content persists per box and maps to the matching dimension,P2,DG2,SPECIFIED,,"Playbook (B0061, B0062): the ten canvas boxes with their prompts; BO approves per T11 'Target-state design' (B0099). Master-prompt additions: none; §5 M0147 restates the ten dimensions. Interpretations: rich-text content per box, and each box mapped to one TOM dimension."
REQ-PB-042,SOURCE,Support the TOM canvas workshop and convert unresolved items into design decisions with owners,B0063;M0147,Canvas use,TOM-CANVAS,Workshop date;Duration (90-120 minutes);Business owner participants;Agenda;Contributions;Unresolved items;Resulting design decision or action;Owner,"Facilitator publishes an agenda and runs a workshop session with business owners, capturing contributions per dimension; each unresolved item is converted in one action into a T04 design decision with owner (source) or an owned action (extension)",Workshop record and generated design decisions,TL;BO,"facilitate:TL; contribute:BO,WL; view:scoped",Unresolved item converted -> create T04 decision with owner,Target Operating Model > Workshop; POST /api/v1/tom-workshops/{id}/convert,A01: converting an unresolved item creates a T04 row linked to the workshop with owner set; an item without an owner cannot be converted; converting an item to an action creates an owned action linked to the workshop; the workshop cannot be closed while unresolved items remain unconverted,P2,DG2,SPECIFIED,,"Source-grounded core (cited B blocks). AN-04 consolidation: absorbs former REQ-S05-004 (Run the facilitated 90-120-minute TOM workshop mode with agenda, captured contributions and conversion of unresolved items into decisions or actions); its anchors M0147 and acceptance are carried here. The agenda, per-dimension contribution capture, conversion into actions and the no-close-with-unconverted-items rule are master prompt §5 additions (M0147), not playbook content; the 90-120-minute workshop with business owners and conversion into design decisions with owners is source (B0063)."
REQ-PB-043,SOURCE,Implement Template 4 Design Decision Log as a native register,B0064;B0065,Template 4 — Design Decision Log,T04,ID;Decision required;Options;Recommendation;Decision owner;Due;Status,"Users record design decisions with options (A / B / C), recommendation, owner and due date; Status defaults to Open",T04 design decision log,BO;TL;WL,"create:TL,WL; decide:Decision owner; view:scoped",none,Target Operating Model > Design decisions; /api/v1/decisions?kind=design,"A01: T04 persists all 7 columns; IDs are generated as D-01, D-02...; a new decision has Status Open",P2,DG2,SPECIFIED,,"Playbook (B0064, B0065): T04's seven columns, IDs D-01, D-02…, Options A / B / C and Status Open. Master-prompt additions (§5 M0150): one decision model shared with T16. Interpretations: none."
REQ-PB-044,SOURCE,Maintain the traceability chain from diagnosed issue to benefit with a view and orphan report,B0069;B0070;B0162,From gap to initiative; Traceability chain,,Diagnosed issue;Target-state gap;Initiative;Deliverable;Capability change;KPI movement;Benefit,Records link along the chain; a traceability view shows each path and an orphan report lists records missing an upstream or downstream link,Traceability view and orphan report,TO;TL,"view:scoped(SP,TL,BO,WL,FIN,TO,KDS,TD,CM,SEC,AUD)",none,Transformations > Traceability; GET /api/v1/transformations/{id}/traceability,A01: an initiative without a TOM gap appears in the orphan report; clicking a node opens the linked record,P2;P3;P4,DG4,SPECIFIED,,"Playbook (B0069, B0070, B0162): the traceability chain. Master-prompt additions (§3 M0098): the orphan report and clickable nodes. Interpretations: none."
REQ-PB-045,SOURCE,Implement Template 5 Initiative Card as a native record,B0071;B0072,Template 5 — Initiative Card,T05,Initiative name;Executive owner;Workstream lead;Problem / gap addressed;Objective;Scope;Key deliverables;Outcome/KPI contribution;Financial benefit;Customer benefit;Dependencies;Risks;Milestones;Required decisions,"WL drafts the card; Problem / gap addressed references diagnostic/TOM gaps; Dependencies, Risks and Required decisions reference canonical T08/T15/T16 records",T05 initiative card,WL;TL;BO,"create/edit:WL,TL; approve:BO (RACI A for Initiative Delivery); view:scoped",none,Initiatives and Roadmaps > Initiative card; /api/v1/initiatives,A01: T05 persists all 14 source fields; Key deliverables outside 3-7 shows a warning,P3,DG3,SPECIFIED,,"Playbook (B0071, B0072): the 14 initiative-card fields; BO is accountable (A) for Initiative Delivery in T12 (B0101). Master-prompt additions: none; §5 M0133 restates the card fields. Interpretations: '3-7 deliverables' is a guidance range, so it warns rather than blocks."
REQ-PB-046,SOURCE,Require every initiative to be traced to a target-state gap and an outcome,B0072;B0070,Initiative Card (Problem / gap addressed; Outcome/KPI contribution),T05,Problem / gap addressed;Outcome/KPI contribution,Submission of an initiative for G4 requires at least one TOM/diagnostic gap link and one outcome/KPI link,Validated initiative links,WL;TL,"submit:WL,TL; view:scoped",none,Initiatives and Roadmaps > Initiative > Submit,A01;A08: G4 submission containing an initiative with no gap link is rejected naming that initiative,P3,DG3,SPECIFIED,,"Playbook (B0072, B0070): every initiative references a diagnostic/TOM gap and an outcome/KPI contribution. Master-prompt additions (§4 M0125): the rule is enforced as mandatory G4 evidence. Interpretations: the check runs when G4 is submitted."
REQ-PB-047,SOURCE,Implement Template 6 Prioritization Scorecard as a native register,B0074;B0075;B0076,Template 6 — Prioritization Scorecard,T06,Initiative;Strategic fit (25%);Financial value (25%);Customer impact (20%);Feasibility (15%);Time-to-value (15%);Weighted score,Scorers enter 1-5 per criterion for each initiative; Weighted score is calculated; ranked table shown,T06 scorecard and ranking,TL;WL;FIN;TO,"score:TL,TO,FIN(financial value); propose-rank:TL; view:scoped",Score changed -> recalculate weighted score,Initiatives and Roadmaps > Prioritization; /api/v1/transformations/{id}/prioritization,A01: T06 persists all criteria per initiative; Weighted score is read-only (calculated),P3,DG3,SPECIFIED,,"Playbook (B0074-B0076): T06's criteria, weights and calculated weighted score. Master-prompt additions: none; §5 M0134 restates T06's criteria, weights and weighted result. Interpretations: which roles may score (for example, FIN scores financial value)."
REQ-PB-048,SOURCE,Apply T06 default weights 25/25/20/15/15 with a 1-5 scale and a calculated weighted score,B0076,Template 6 — Prioritization Scorecard (weights),T06,Strategic fit weight 25%;Financial value weight 25%;Customer impact weight 20%;Feasibility weight 15%;Time-to-value weight 15%;Score 1-5,Weighted score = sum(score x weight) on the 1-5 scale; scores outside 1-5 rejected; missing score marks the row incomplete,Weighted score per initiative,TL;TO,view:scoped,Score changed -> recalculate,Initiatives and Roadmaps > Prioritization,"A01;A05: scores 5,4,3,2,1 give 3.30 (decimal, exact); a score of 6 is rejected; a missing score shows 'incomplete', not a numeric total",P3,DG3,SPECIFIED,,"Playbook (B0076): the weights 25/25/20/15/15, the 1-5 scale and a calculated weighted score. Master-prompt additions (§9 M0176): weighted score = sum(score × weight), giving a 1-5 result, and a missing score means incomplete, not zero. Interpretations: none."
REQ-PB-049,SOURCE,"Adjust T06 weights per transformation, including risk/compliance replacing part of the weighting, with a 100% total check and versioned weight sets",B0077;M0176,Prioritization Scorecard (adjust weights),T06,Transformation;Criterion;Weight;Risk/compliance criterion;Weight-set version;Effective from,"Authorized users propose an adjusted weight set for a transformation, optionally with a risk/compliance criterion that replaces part of the weighting; the server rejects any set whose weights do not total 100%; an approved set becomes a new immutable version, earlier versions are kept, and every scoring and ranking records the weight-set version it used",Versioned per-transformation weight set,TL;SP,propose:TL; approve:SP; view:scoped,Weight set approved -> rescore and record the version as the cause of rank changes,Initiatives and Roadmaps > Prioritization > Weights; PUT /api/v1/transformations/{id}/prioritization/weight-sets,A01;A05;A07: saving weights totalling 95% (or 105%) is rejected with a validation error; a risk/compliance criterion at 10% with strategic fit reduced to 15% is accepted as weight-set version 2 and rescoring uses it; scores computed under version 1 keep their version-1 reference; the REQ-S09-005 ranking history can name 'weight version 2' as the cause of a rank change,P3,DG3,SPECIFIED,,"Playbook (B0077): adjust weights to the transformation context; for regulated or safety-critical transformations, risk/compliance can replace part of the weighting. Master-prompt additions (§9 M0176): weights must total 100%, and approved weights are versioned. Interpretations: weight sets are per transformation and approved by SP. AN-05 split (finding F-DG0-001): this row keeps the per-transformation adjustment, the 100% check and weight-set versioning. The DG3 evidence 'invalid weights … handled' (M0406) and REQ-S09-005 (DG3) need these, so the row completes at DG3 (was P3;P5/DG5). Administrator-configured defaults and rubrics in Playbook Studio are now REQ-PB-093 (DG5). AN-04 consolidation: absorbs former REQ-S09-002 (Make scoring rubrics and approved weights configurable and versioned); its anchor M0176 is carried here, and its Studio part moved to REQ-PB-093."
REQ-PB-050,SOURCE,Implement Template 7 Wave Roadmap with the four seeded source waves,B0078;B0079,Template 7 — Wave Roadmap,T07,Wave;Purpose;Typical horizon;Entry criteria;Exit evidence,"Seed Wave 0 — Mobilize (0-6 weeks), Wave 1 — Prove (1-3 months), Wave 2 — Scale (3-9 months), Wave 3 — Embed (6-18 months) with source purpose, entry criteria and exit evidence; initiatives are assigned to waves with dates",T07 wave roadmap and timeline,TL;WL;TO,"edit:TL,TO; assign-initiative:TL; view:scoped",none,Initiatives and Roadmaps > Roadmap; /api/v1/transformations/{id}/waves,"A01: four waves seeded with values verbatim (e.g. '0-6 weeks', 'Sponsor + charter'); overlapping horizons are accepted",P3,DG3,SPECIFIED,,"Playbook (B0078, B0079): the four waves with purpose, typical horizon, entry criteria and exit evidence, seeded verbatim. Master-prompt additions (§5 M0135; §9 M0178, M0180-M0183): T07 links initiatives, dates and milestones to each wave, and the four source waves (restated in M0180-M0183) are seeded as overlapping planning horizons, not rigid deadlines, which is why overlapping horizons are accepted. Interpretations: none."
REQ-PB-051,SOURCE,Implement Template 8 Dependency Map as a native register,B0080;B0081,Template 8 — Dependency Map,T08,Dependency;From;To;Type;Needed by;Owner;Status / mitigation,Users record dependencies between initiatives or from External; Needed by is a date; dependency is the same canonical record referenced by RAID Dependency entries,T08 dependency map,WL;TL;TO,"create/edit:WL,TL,TO; view:scoped",Critical dependency slips -> notify owners,Initiatives and Roadmaps > Dependencies; /api/v1/dependencies,A01: T08 persists all 7 columns; From accepts an initiative or 'External'; a cycle A->B->A is reported,P3,DG3,SPECIFIED,,"Playbook (B0080, B0081): T08's seven columns, with From as an initiative or External. Master-prompt additions (§9 M0184, §12 M0232): cycle detection, and notifying owners when a critical dependency slips. Interpretations: the T08 record is the canonical record that RAID Dependency entries reference (see B0126, REQ-PB-078)."
REQ-PB-052,SOURCE,"Support T08 dependency types Decision, Tech, Data and Vendor plus configurable types",B0081,Template 8 — Dependency Map (Type),T08,Type (Decision | Tech | Data | Vendor | configured),Type is a choice seeded with Decision / Tech / Data / Vendor; admins may add types,Dependency type list,ADM;TO,configure:ADM; view:all,none,Administration > Playbook Studio > Lists,A01: the four source types are present and cannot be deleted; an unknown type value is rejected by the API,P3,DG3,SPECIFIED,,Playbook (B0081): the types Decision / Tech / Data / Vendor. Master-prompt additions (§5 M0136): admins can add further (configurable) types. Interpretations: the four source types cannot be deleted.
REQ-PB-053,SOURCE,Implement the Transformation Business Case with all ten source sections,B0083;B0085,Transformation Business Case,BIZCASE,Strategic rationale;Baseline;Value pools;Interventions;Investment;Benefits;Timing;Risks & sensitivities;Ownership;Decision ask,"TL drafts the case; Investment split into Capex, opex, internal FTE, vendor cost, opportunity cost; Benefits into revenue uplift, cost reduction, avoidance, working capital, strategic/non-financial; Timing records benefit ramp, one-off vs recurring and implementation horizon; Risks & sensitivities records key assumptions and downside/upside cases; Ownership names benefit owner, initiative owner and Finance validator; Decision ask names Funding / policy / resource / prioritization",Versioned business case,TL;FIN;SP;BO,create/edit:TL; co-author:FIN (R per RACI); approve:SP (A per RACI); view:scoped,none,Initiatives and Roadmaps > Business case; /api/v1/business-cases,A01: all ten sections persist; an investment line must carry one classification (Capex|opex|internal FTE|vendor cost|opportunity cost); SAR amounts stored as decimals,P3,DG3,SPECIFIED,,"Playbook (B0083, B0085): the ten sections and their content. Master-prompt additions (§5 M0148, §16 M0329): exactly one classification per investment line, and SAR amounts stored as decimals. Interpretations: none."
REQ-PB-054,SOURCE,Support a transformation-level business case with lighter linked initiative cases,B0084,Transformation Business Case (levels),BIZCASE,Case level (Transformation | Initiative);Parent case,"Initiative cases are lighter forms linked to the transformation case; roll-up references, not copies",Linked case hierarchy,TL;WL;FIN,"create:TL(transformation),WL(initiative); view:scoped",none,Initiatives and Roadmaps > Business case,A01;A10: an initiative case links to one transformation case; editing the initiative case changes the transformation roll-up without duplicating benefits,P3,DG3,SPECIFIED,,"Playbook (B0084): a transformation-level case, with lighter initiative cases underneath. Master-prompt additions (§8 M0173): the roll-up works by reference and never duplicates benefits. Interpretations: none."
REQ-PB-055,SOURCE,"Require Finance validation of baseline and benefit logic early, before G4, not after delivery",B0084;B0139,Transformation Business Case; Day-90 leadership test,BIZCASE,Baseline validation;Benefit logic validation,A business case cannot be submitted as G4 evidence until Finance has validated its baseline and benefit formulas,Finance validation status on case,FIN;TL,validate:FIN; submit:TL; view:scoped,Benefit evidence submitted -> Finance queue,Benefits and Finance > Validation queue,A08;A10: G4 submission with a business case whose benefit formula is unvalidated is rejected listing 'Finance validation',P3,DG3,SPECIFIED,,"Playbook (B0084, B0139): Finance should validate the baseline and benefit logic 'early—not after delivery', and be aligned on baselines and benefit formulas by day 90. Master-prompt additions: none. Interpretations: 'early' becomes a hard rule: a business case cannot serve as G4 evidence until Finance has validated its baseline and benefit formulas (AN-05 relabelling, finding F-DG0-003)."
REQ-PB-056,SOURCE,Implement Template 9 Benefit Formula as a native register,B0086;B0087,Template 9 — Benefit Formula,T09,Benefit;Baseline driver;Change assumption;Formula;Ramp;Confidence,"Users define each benefit's baseline driver, change assumption, formula, ramp (e.g. Q1-Q4) and Confidence H/M/L; formulas use a restricted expression language",T09 benefit formulas,WL;TL;FIN;KDS,"create/edit:WL,TL; validate:FIN; view:scoped",Formula changed -> recalc and impact preview,Benefits and Finance > Formulas; /api/v1/benefit-formulas,A01: T09 persists all 6 columns; Confidence outside H/M/L is rejected; a formula referencing an undefined variable is rejected,P3,DG3,SPECIFIED,,"Playbook (B0086, B0087): T09's six columns, a ramp such as Q1-Q4, and Confidence H/M/L. Master-prompt additions (§8 M0168): a restricted expression language, which rejects undefined variables. Interpretations: none."
REQ-PB-057,SOURCE,Seed the two source benefit formula examples,B0087,Template 9 — Benefit Formula (examples),T09,Revenue uplift (Customers x attach rate x ARPU; Attach +X pp; Δ attach x customers x ARPU; Q1-Q4; M);Cost reduction (Volume x unit cost; Unit cost -X%; Volume x Δ unit cost; Q2-Q3; H),Examples seeded as illustrative formulas; rates stored as fractions (percentage points distinct from percent),Seeded formula examples,ADM;FIN,view:all; edit:ADM,none,Benefits and Finance > Formulas (examples),A05: attach 0.10->0.12 with 100000 customers and ARPU 50 SAR yields 100000 SAR (decimal exact); cost example Volume x Δ unit cost computes exactly,P3,DG3,SPECIFIED,,"Playbook (B0087): the two example rows. Master-prompt additions (§8 M0169-M0171): rates are stored as fractions, and percentage points are distinct from percent. Interpretations: the numeric test values in the acceptance are fixtures, not Mobily data."
REQ-PB-058,SOURCE,"Prevent double counting: each benefit has a unique owner, baseline, formula and financial-statement or non-financial KPI link",B0088;M0173,No double counting,T14,Benefit ID;Owner;Baseline;Formula;Financial statement line or non-financial KPI;Parent benefit;Shared-benefit group;Contribution allocation,"System rejects a benefit without a single owner, baseline, formula and a financial statement line or agreed non-financial KPI; initiatives link to canonical benefits via allocations, parent/child relationships and shared-benefit groups; portfolio totals sum canonical benefits, not links, so a shared benefit rolls up once","Validated, uniquely owned benefits",FIN;BO,"create:BO,TL; validate:FIN; view:scoped",none,Benefits and Finance > Benefits register,A10: a benefit with two owners is rejected; a 10 million SAR benefit shared by two initiatives appears once (10 million SAR) in the portfolio total,P3;P4,DG4,SPECIFIED,,"Shared-benefit allocation rules detailed in master prompt §8. AN-04 consolidation: absorbs former REQ-S08-012 (Prevent double counting through a canonical benefit register, parent/child relationships, shared-benefit groups and contribution allocations so portfolio aggregation counts a shared benefit once); its anchors M0173 and acceptance are carried here. The canonical benefit register, parent/child relationships, shared-benefit groups and contribution allocations are the master prompt §8 mechanism (M0173); the unique owner, baseline, formula and statement/KPI link is source (B0088). Allocation limits: REQ-S08-013; overlap warnings: REQ-S08-014."
REQ-PB-059,SOURCE,Record owners and capacity for mobilization,B0021;B0023;B0079,"Mobilize (resourcing); G4 evidence (owners, capacity); Wave 2 entry (Evidence + capacity)",,Initiative;Owner;Role;Capacity demand (FTE);Capacity available;Period,Users record owners and capacity per initiative/wave; capacity shortfalls are shown for G4 and Wave 2 entry,Resource/capacity plan,TL;WL;TO,"edit:TL,WL; view:scoped",none,Initiatives and Roadmaps > Resources; /api/v1/capacity,A01: a capacity demand exceeding availability shows a conflict indicator; G4 lists initiatives without owners,P3,DG3,SPECIFIED,,"Playbook (B0021, B0023, B0079): owners and capacity (Mobilize resourcing, G4 evidence, Wave 2 entry 'Evidence + capacity'). Master-prompt additions (§5 M0149, §9 M0177): the resource/capacity plan register (extension) and capacity-conflict indicators. Interpretations: none."
REQ-PB-060,SOURCE,"Seed the five transformation operating system layers with cadence, purpose, participants and outputs",B0092;B0093;B0161,Operating system layers,,Layer;Cadence;Purpose;Participants;Outputs,"Seed Executive SteerCo (Monthly), Transformation Review (Bi-weekly), Workstream Review (Weekly), Rapid Response / Sprint (Daily / 2-3x week), Value Review (Monthly) as forums with recurrence and participants",Forum definitions and meeting series,TO;TL;SEC,"configure:TO,ADM; attend:CM; record:SEC; view:scoped",Meeting cut-off -> draft agenda,Governance > Forums; /api/v1/forums,A01: the five layers are seeded with cadence text verbatim; a forum meeting series generates meetings on the configured recurrence,P4,DG4,SPECIFIED,,"Playbook (B0092, B0093, B0161): the five layers with cadence, purpose, participants and outputs. Master-prompt additions (§10 M0196, §12 M0235): meetings generated on a configurable recurrence, and a draft agenda at the cut-off. Interpretations: none."
REQ-PB-061,SOURCE,Produce each forum's source outputs as native meeting records,B0093,Operating system layers (Outputs),,Forum;Meeting date;Decisions;Unblockers;Benefit view;Integrated status;Decision log;Milestones;Actions;RAID;Test;Evidence;Recommendation;Forecast;Corrective action,"Meeting record captures the outputs defined for its layer (e.g. Value Review: benefit evidence, forecast, corrective action) linked to canonical records",Meeting records with linked outputs,SEC;CM;TL;FIN,record:SEC; approve-minutes:chair; view:scoped,none,Governance > Meetings; /api/v1/meetings,A01: a Value Review meeting cannot be published without a benefit evidence or forecast entry; decisions recorded appear in T16,P4,DG4,SPECIFIED,,"Playbook (B0093): the outputs of each layer. Master-prompt additions (§10 M0212): outputs are native meeting records, and decisions recorded there flow into T16. Interpretations: publication is blocked until the layer's outputs are present, as a reading of the source 'Outputs' column. (AN-08, finding F-DG0-006: provenance labels re-checked against source_ref.)"
REQ-PB-062,SOURCE,Implement Template 10 Executive Transformation Dashboard with its six source areas,B0094;B0095,Template 10 — Executive Transformation Dashboard,T10,Area;What to show;RAG logic;Outcomes;Value;Portfolio;Dependencies;Decisions;People & adoption,Dashboard renders six areas from live canonical data with drill-down; each area shows what the source requires,T10 executive dashboard,SP;TL;TO,"view:scoped(SP,TL,BO,WL,FIN,TO,AUD)",Accepted KPI actual -> refresh dashboard,Executive Overview; GET /api/v1/transformations/{id}/dashboard,A01;A04: all six areas render in en and ar from persisted data; each headline drills to contributing records,P4,DG4,SPECIFIED,,"Playbook (B0094, B0095): the six areas and what each one shows. Master-prompt additions (§13 M0244): the dashboard renders from live canonical data, with drill-down to contributing records. Interpretations: none."
REQ-PB-063,SOURCE,Apply the area-specific T10 RAG logic,B0095,Template 10 — RAG logic,T10,"Outcomes RAG (target trajectory, not activity completion);Value RAG (validated benefit gap);Portfolio RAG (milestone + outcome risk);Dependencies RAG (decision date / critical path);People & adoption RAG (vs adoption curve)",Each area computes status by its own rule; outcome RAG never uses task completion; missing data shows Unknown/Stale,Area RAG statuses with rule explanation,TL;KDS,override:authorized with reason (audited); view:scoped,Accepted KPI actual -> recompute RAG,Executive Overview,"A04;A05: an outcome whose tasks are 100% complete but KPI is below trajectory is Red/Amber, not Green; a KPI with no actual shows Unknown",P4,DG4,SPECIFIED,,"Playbook (B0095): the area-specific RAG logic, including 'not activity completion' for outcomes. Master-prompt additions (§7 M0159, M0160): Unknown/Stale for missing data, audited overrides with a reason, and RAG against the approved trajectory with configurable thresholds. Interpretations: the default threshold values, which neither source gives. (AN-08, finding F-DG0-006: provenance labels re-checked against source_ref.) AN-04 resolution vs REQ-S07-007: 'never from task completion' governs KPI/outcome RAG; the Portfolio area's milestone component is source logic and is kept."
REQ-PB-064,SOURCE,Show a Decisions area Red when an executive decision is overdue,B0095,Template 10 — Decisions (Red if executive decision overdue),T10,Decision needed;Owner;Due date;Impact of delay,Any open executive decision past its due date turns the Decisions area Red and lists the overdue item,Decisions area status,SP;TL,view:scoped,Daily evaluation of decision due dates,Executive Overview > Decisions,"A09: with one open T16 decision due yesterday (Asia/Riyadh), Decisions area is Red and lists it; after the decision is recorded it no longer counts",P4,DG4,SPECIFIED,,"Playbook (B0095): 'Red if executive decision overdue'. Master-prompt additions (§10 M0196, §15 M0302): the rule is evaluated daily in the configured timezone (default Asia/Riyadh). Interpretations: none."
REQ-PB-065,SOURCE,Implement Template 11 Decision Rights Matrix with the four seeded source rows,B0098;B0099,Template 11 — Decision Rights Matrix,T11,Decision;Recommend;Approve;Consult;Inform;SLA,"Seed Business scope change, Funding reallocation, Target-state design and Go-live / scale with source roles and SLAs (5 working days; Next SteerCo / urgent route; 10 working days; Per release plan); approvals route per the matrix",T11 decision rights matrix,TO;TL;SP,"edit:TO,TL; approve-matrix:SP; view:scoped",Decision SLA expires -> escalate,Governance > Decision rights; /api/v1/decision-rights,A01: four rows seeded verbatim; a change request of type Business scope change routes approval to the Sponsor,P4,DG4,SPECIFIED,,"Playbook (B0098, B0099): the four decisions with Recommend / Approve / Consult / Inform and SLA, seeded verbatim. Master-prompt additions (§12 M0231): approvals are routed per the matrix, and an expired SLA escalates. Interpretations: none."
REQ-PB-066,SOURCE,"Compute T11 SLAs by type: working days, next forum or release plan",B0099,Template 11 — SLA,T11,SLA type (working days | Next SteerCo / urgent route | Per release plan);Working days,Working-day SLAs use the business calendar (Asia/Riyadh default); 'Next SteerCo / urgent route' resolves to the next scheduled SteerCo or an urgent route; 'Per release plan' uses the linked release date,Due date per decision,TO,configure-calendar:ADM; view:scoped,Decision SLA expires -> escalate,Governance > Decision rights,A09: a Business scope change raised Thursday gets a due date 5 working days later skipping the configured weekend days and holidays,P4,DG4,SPECIFIED,,Playbook (B0099): the three SLA types (working days; Next SteerCo / urgent route; Per release plan). Master-prompt additions (§10 M0196): a configurable business calendar (default Asia/Riyadh) with workweek and holidays. Interpretations: how 'Next SteerCo / urgent route' and 'Per release plan' resolve to due dates.
REQ-PB-067,SOURCE,Implement Template 12 RACI with the six seeded deliverables and R/A/C/I values including A/R,B0100;B0101,Template 12 — RACI,T12,Deliverable;Sponsor;Transformation Lead;Business Owner;Workstream Lead;Finance;Tech/Data,"Seed Charter, Target Operating Model, Business Case, Initiative Delivery, Benefits Validation, BAU Handover with source letters; cells accept A, R, C, I or A/R; roles map to named people",T12 RACI,TO;TL,"edit:TO,TL; approve:SP; view:scoped",none,Governance > RACI; /api/v1/raci,A01: seeded RACI matches B0101 exactly; a cell value 'X' is rejected; 'A/R' is accepted,P4,DG4,SPECIFIED,,"Playbook (B0100, B0101): the six deliverables with their R/A/C/I values, including A/R. Master-prompt additions (§10 M0203, M0211): the source RACI is a configurable starting point, roles map to named people, and each deliverable has one accountable (REQ-S10-009). Interpretations: none."
REQ-PB-068,SOURCE,"Enforce the governance rule: escalate decisions, not status",B0102,Governance rule,T16,Decision required;Options;Recommendation;Impact of delay;Decision owner,An executive agenda item cannot be published unless it states all five elements,Validated executive agenda items,SEC;TL,"create:TL,SEC; publish:chair; view:scoped",none,Governance > Meetings > Agenda,A09: publishing an agenda item missing 'Impact of delay' is rejected by the API,P4,DG4,SPECIFIED,,"Playbook (B0102): 'Escalate decisions, not status'; every executive agenda item 'should' state the five elements. Master-prompt additions (§10 M0212): executive asks require these elements, so an agenda item missing any of them is blocked from publication. Interpretations: none. (AN-08, finding F-DG0-006: the publication block was mislabelled as an interpretation.)"
REQ-PB-069,SOURCE,"Manage adoption as an outcome with measurable leading indicators, separate from delivery",B0105;M0216,"People, Adoption & Change",,Adoption outcome;Adoption KPI;Adoption trajectory;Adoption actual;Intervention;Owner,"Adoption has its own outcome, KPIs and status distinct from initiative delivery status; adoption KPIs use trajectories, and a gap beyond threshold creates one intervention with owner",Adoption outcomes and status,BO;TL,"edit:BO,TL; view:scoped",Adoption check fails -> create recovery action,Change and Adoption; /api/v1/adoption,A11: an initiative with delivery Complete and adoption below trajectory shows adoption at risk and triggers an intervention; an adoption actual below trajectory creates exactly one intervention,P4,DG4,SPECIFIED,,"Source-grounded core (cited B blocks). AN-04 consolidation: absorbs former REQ-S11-003 (Track adoption actuals against adoption trajectories and create corrective interventions when gaps appear); its anchors M0216 and acceptance are carried here. Trajectory-based adoption tracking and the exactly-one-intervention rule are master prompt §11 additions (M0216); adoption as an outcome with leading indicators, separate from delivery, is source (B0105). Indicators: REQ-PB-071/072."
REQ-PB-070,SOURCE,Implement Template 13 Stakeholder & Adoption Plan as a native register,B0106;B0107,Template 13 — Stakeholder & Adoption Plan,T13,Stakeholder;Impact;Current stance;Required behavior;Intervention;Owner;Adoption KPI,Users record each stakeholder group; Impact H/M/L; Current stance Support / Neutral / Resist; Intervention Comms / training / involvement / incentive,T13 stakeholder and adoption plan,BO;WL;TL,"create/edit:BO,WL,TL; view:scoped",none,Change and Adoption > Stakeholders; /api/v1/stakeholders,A01: T13 persists all 7 columns; stance 'Hostile' is rejected; Intervention accepts the four source values,P4,DG4,SPECIFIED,,"Playbook (B0106, B0107): T13's seven columns and the value lists (H/M/L; Support / Neutral / Resist; Comms / training / involvement / incentive). Master-prompt additions: none in this row; §5 M0141 restates T13's columns, and the §11 M0215 additions (champions, communication/training actions, proficiency evidence, native feedback forms) are REQ-S11-001 and REQ-S11-002. Interpretations: the value lists are closed, so a stance of 'Hostile' is rejected."
REQ-PB-071,SOURCE,Seed the seven leading adoption indicators,B0108;B0109;B0110;B0111;B0112;B0113;B0114;B0115,Leading adoption indicators,,Usage / activation rate;Compliance with new process;Cycle-time shift;Training completion + observed proficiency;Decision turnaround time;Percentage of transactions handled through the new journey;Exception / workaround rate,Indicators are seeded as KPI templates attachable to adoption outcomes with actuals by period,Adoption indicator KPIs,BO;KDS,"submit-actuals:KDS,BO; view:scoped",Adoption check fails -> recovery action,Change and Adoption > Indicators,A11: all seven indicators are available by name; an actual below trajectory creates a corrective intervention,P4,DG4,SPECIFIED,,"Playbook (B0108-B0115): the seven leading adoption indicators. Master-prompt additions (§11 M0216): the indicators are KPI templates with actuals by period, and an actual below trajectory creates an intervention. Interpretations: none."
REQ-PB-072,SOURCE,Track training completion and observed proficiency separately,B0112,Leading adoption indicators (Training completion + observed proficiency),,Training completion;Observed proficiency;Assessor;Observation date,Proficiency is recorded by observation separately from completion; completion alone does not count as adoption,Separate training and proficiency measures,BO;WL,"record:BO,WL; view:scoped",none,Change and Adoption > Training,"A11: 100% training completion with no proficiency observations shows proficiency Unknown, not adopted",P4,DG4,SPECIFIED,,"Playbook (B0112): 'Training completion + observed proficiency'. Master-prompt additions (§7 M0159; §11 M0216): missing proficiency observations show Unknown, and training attendance is distinguished from successful adoption, so completion alone never counts as adoption. Interpretations: completion and observed proficiency are recorded as two separate measures (the source joins them with '+')."
REQ-PB-073,SOURCE,Apply the people-centered principle: record impacted-team involvement in design and champion constraints,B0116,People-centered principle,,Impacted team;Involvement in design (workshop/decision);Champion;Constraint raised;Linked design decision,Design workshops and decisions record which impacted teams participated; champions can raise constraints that link to design decisions,Involvement records and champion constraints,BO;TL;WL,"raise-constraint:champions(WL,BO); view:scoped",none,Change and Adoption > Champions; Target Operating Model > Workshop,A01;A11: a champion's constraint links to a T04 decision and is visible on that decision,P2;P4,DG4,SPECIFIED,,"Playbook (B0116): involve impacted teams early in design; champions surface constraints and shape decisions. Master-prompt additions: none. Interpretations: participation is recorded on workshops and decisions, and champion constraints link to T04 design decisions, as a reading of 'surface constraints and shape decisions'. (AN-08, finding F-DG0-006: provenance labels re-checked against source_ref.)"
REQ-PB-074,SOURCE,"Implement the six-step benefits lifecycle Identify, Plan, Enable, Measure, Correct, Sustain",B0120;B0121,Benefits lifecycle,,"Step (Identify | Plan | Enable | Measure | Correct | Sustain);Question;Output (Benefit profile | Baseline, formula, target, owner | Benefit dependency chain | Evidence / actuals | Recovery plan | BAU owner + control cadence)",Each benefit progresses through the steps with the source output required per step,Benefit lifecycle state and outputs,BO;FIN;TL,advance:BO; validate:FIN; view:scoped,Benefit evidence submitted -> Finance queue,Benefits and Finance > Benefit; /api/v1/benefits/{id}/lifecycle,A04;A10;A11: a benefit cannot enter Measure without the Plan outputs; Sustain requires a BAU owner and control cadence,P4,DG4,SPECIFIED,,"Playbook (B0120, B0121): the six steps with their question and output. Master-prompt additions (§12 M0234): submitted benefit evidence is routed to the Finance queue. Interpretations: each step's outputs are preconditions (Measure needs the Plan outputs; Sustain needs a BAU owner and control cadence)."
REQ-PB-075,SOURCE,Implement Template 14 Benefits Register as a native register,B0122;B0123,Template 14 — Benefits Register,T14,ID;Benefit;Type;Baseline;Target;Value (SAR);Realized;Owner;Evidence;Status,"Users record benefits with Type (Revenue | Cost | CX | ...), Value (SAR) and Realized amounts, evidence source and Status R/A/G; IDs B01, B02...",T14 benefits register,BO;FIN;TL,"create/edit:BO,TL; validate-realized:FIN; view:scoped",Accepted KPI actual -> recompute realized (pending Finance),Benefits and Finance > Benefits register; /api/v1/benefits,A10: T14 persists all 10 columns; realized value awaiting Finance validation is labelled pending and excluded from validated totals,P4,DG4,SPECIFIED,,"Playbook (B0122, B0123): T14's ten columns, IDs B01, B02… and Status R/A/G. Master-prompt additions (§8 M0166, M0174): realized value awaiting Finance validation is labelled pending and excluded from validated totals. Interpretations: none."
REQ-PB-076,SOURCE,Allow non-financial benefits with Value (SAR) n/a and Realized expressed as KPI actual,B0123,Template 14 — Benefits Register (CX row),T14,Type;Value (SAR) n/a;Realized [Actual],For non-financial types (e.g. CX) Value (SAR) is n/a and Realized holds the KPI actual; no automatic monetization,Non-financial benefit rows,BO;FIN,edit:BO; view:scoped,none,Benefits and Finance > Benefits register,A10: a CX benefit saved with Value n/a is excluded from SAR totals and not counted as zero,P4,DG4,SPECIFIED,,"Playbook (B0123): the CX row has Value (SAR) n/a and Realized [Actual]. Master-prompt additions (§8 M0172, §7 M0159): no automatic monetization, and exclusion from SAR totals rather than counting as zero. Interpretations: none."
REQ-PB-077,SOURCE,Label the Realize phase as aligned with PMI BRM logic without claiming PMI standard status,B0124,PMI BRM connection,,Connection note (verbatim B0124),The Realize phase guidance shows the note that it aligns with PMI Benefits Realization Management logic,Phase guidance label,ADM,edit:ADM; view:all,none,Playbook and Procedures > Realize,A01: Realize guidance shows 'aligns with PMI Benefits Realization Management logic' and no 'certified'/'official' wording,P4;P5,DG5,SPECIFIED,,Playbook (B0124): the Realize phase aligns with PMI Benefits Realization Management logic. Master-prompt additions (§2 M0089): no 'certified' or 'official' wording. Interpretations: none. This is a labelling requirement.
REQ-PB-078,SOURCE,Integrate RAID and decisions so dependencies and decisions are single canonical records,B0126,Integrated RAID + Decision Log,,RAID entry;Dependency record;Decision record,RAID Dependency entries reference the canonical T08 dependency; design (T04) and executive (T16) decisions use one shared decision model with separate views,Integrated RAID and decision views,TO,"view:scoped(SP,TL,BO,WL,FIN,TO,KDS,TD,CM,SEC,AUD)",none,Risks and Actions; Governance > Decisions,A01: editing a dependency's owner in T08 changes the same RAID entry; there is no second copy,P4,DG4,SPECIFIED,,"Playbook (B0126): an integrated RAID and decision log. Master-prompt additions (§5 M0150): one decision model shared by T04 and T16, with separate views; the dependency map (T08) and RAID Dependency entries refer to the same canonical dependency record, so RAID references the T08 record rather than copying it. Interpretations: none."
REQ-PB-079,SOURCE,Implement Template 15 RAID as a native register,B0127;B0128,Template 15 — RAID,T15,ID;Type;Description;Impact;Probability;Owner;Due;Mitigation / action;Status,"Users log Risk, Assumption, Issue and Dependency entries (IDs R01, A01, I01, D01); Impact H/M/L; Status Open by default",T15 RAID log,WL;TL;TO,"create/edit:WL,TL,TO; view:scoped",none,Risks and Actions > RAID; /api/v1/raid,A01: T15 persists all 9 columns; Type outside Risk/Assumption/Issue/Dependency is rejected,P4,DG4,SPECIFIED,,"Playbook (B0127, B0128): T15's nine columns, ID prefixes R/A/I/D, Impact H/M/L and Status Open. Master-prompt additions (§2 M0090): server-side validation, which rejects an unknown Type. Interpretations: none."
REQ-PB-080,SOURCE,"Set T15 Probability to n/a for Assumption, Issue and Dependency entries",B0128,Template 15 — RAID (Probability),T15,Type;Probability,Probability is H/M/L for Risk and n/a otherwise,Probability validation,WL;TL,"edit:WL,TL; view:scoped",none,Risks and Actions > RAID,A01: an Issue with Probability H is rejected; a Risk without Probability is rejected,P4,DG4,SPECIFIED,,"Playbook (B0128): Probability is H/M/L for Risk and n/a for Assumption, Issue and Dependency. Master-prompt additions: none; §5 M0143 restates 'probability where applicable'. Interpretations: a Risk must have a Probability, and non-Risk entries cannot have one."
REQ-PB-081,SOURCE,Implement Template 16 Executive Decision Log as a native register,B0129;B0130,Template 16 — Executive Decision Log,T16,ID;Decision;Why now;Options;Rec.;Owner;Decision date;Impact if delayed;Outcome,Executive asks are logged with IDs DEC-01...; Options A/B/C; Owner is an executive; Outcome recorded when decided,T16 executive decision log,SP;TL;SEC,"create:TL,SEC; decide:Owner(executive); view:scoped",Decision SLA expires -> escalate,Governance > Executive decisions; /api/v1/decisions?kind=executive,A09: T16 persists all 9 columns; a decision with Outcome recorded is closed and leaves the overdue list,P4,DG4,SPECIFIED,,"Playbook (B0129, B0130): T16's nine columns, IDs DEC-01…, Options A/B/C and an executive Owner. Master-prompt additions (§12 M0231): escalation when the decision SLA expires. Interpretations: recording the Outcome closes the decision and removes it from the overdue list."
REQ-PB-082,SOURCE,"Apply the escalation principle: a blocker red for multiple cycles requires a named decision, owner and deadline",B0131;M0233,Escalation principle,T16,Blocker;RAG history by cycle;Named decision;Decision owner;Deadline,"When a blocker stays Red across the configured number of cycles, the system requires/creates a T16 executive ask with decision, owner and deadline, without duplicating an existing open ask",Executive ask linked to blocker,TL;SP,view:scoped,Blocker red across N cycles -> require executive ask,Risks and Actions > Escalations,A09;A13: a blocker Red in 2 consecutive cycles (N=2) produces exactly one open T16 ask; re-running the job creates no duplicate,P4,DG4,SPECIFIED,,"Playbook (B0131): a blocker should not stay red for multiple cycles without a named decision, decision owner and deadline; recurring issues become executive asks. Master-prompt additions (§12 M0233): the automation that requires or creates the T16 ask without duplicating an open one, and the number of cycles is configurable. Interpretations: none. (AN-08, finding F-DG0-006: provenance labels re-checked against source_ref.) AN-04 consolidation: absorbs former REQ-S12-013 (Starter automation: when a blocker remains red across configured cycles, require a named executive decision, owner and deadline without duplicating an existing open ask); its anchors M0233 and acceptance are carried here."
REQ-PB-083,SOURCE,"Hand over to BAU with ownership transfer, controls and control cadence",B0021;B0023;B0101;B0121;M0237,Realize outputs; G6 evidence; RACI BAU Handover; Benefits lifecycle (Sustain),,BAU owner;KPI owner;Controls;Control cadence;Receiving-owner acceptance,"Handover record is prepared and accepted by the receiving Business Owner; acceptance transfers routine ownership of KPIs, controls and benefits to the receiving owners and schedules recurring performance and control reviews",Accepted BAU handover,BO;WL;TL,prepare:WL; accept:BO (A/R per RACI); view:scoped,BAU handover accepted -> recurring control reviews,BAU and Improvement > Handovers; /api/v1/bau-handovers,A11;A13: accepting a handover creates recurring BAU review tasks for the BAU owner exactly once,P4,DG4,SPECIFIED,,"Playbook (B0021, B0023, B0101, B0121): BAU handover with ownership transfer, controls and control cadence; BO is A/R for BAU Handover. Master-prompt additions (§11 M0217, §12 M0237): the KPI owner and receiving-owner acceptance fields (extension), and on acceptance the transfer of routine ownership and scheduling of recurring reviews. Interpretations: none. AN-04 consolidation: absorbs former REQ-S12-017 (Starter automation: when a BAU handover is accepted, transfer routine ownership and activate recurring performance and control reviews); its anchors M0237 and acceptance are carried here."
REQ-PB-084,SOURCE,Maintain a continuous-improvement backlog,B0021;B0023,Realize outputs; G6 evidence,,Improvement item;Owner;Source;Status,Users add improvement items per transformation/performance area; the backlog persists after closure,Continuous-improvement backlog,BO;TO,"edit:BO,TO; view:scoped",none,BAU and Improvement > Improvement backlog,A11: CI backlog items remain visible after transformation closure; G6 lists the backlog,P4,DG4,SPECIFIED,,"Playbook (B0021, B0023): a continuous-improvement backlog is a Realize output and G6 evidence. Master-prompt additions (§11 M0217, M0219): the backlog persists after transformation closure. Interpretations: none."
REQ-PB-085,SOURCE,Create a recovery plan / corrective action when a benefit or KPI is off track,B0121;B0093;M0227,Benefits lifecycle (Correct); Value Review outputs,,Off-track benefit or KPI;Recovery action;Owner;Due date,"An off-track benefit (Correct step), a Value Review finding or a KPI deviating from trajectory under the configured severity and persistence rule creates a recovery plan / corrective-action case with owner and follow-up; an existing open case is updated rather than duplicated",Corrective action,BO;FIN;TL,"create:BO,TL,FIN; view:scoped",KPI deviates -> corrective action case,Risks and Actions > Corrective actions,A04;A11;A13: a benefit below plan creates one corrective action; repeated evaluation does not duplicate it; a KPI deviation persisting two cycles under a two-cycle rule creates one case and the third cycle updates it,P4,DG4,SPECIFIED,,"Playbook (B0121, B0093): the Correct step produces a recovery plan, and the Value Review produces corrective action. Master-prompt additions (§12 M0227): a KPI deviating from trajectory under the configured severity and persistence rule creates or updates one corrective-action case, and an open case is never duplicated. Interpretations: none. (AN-05 relabelling, finding F-DG0-003: the earlier 'no interpretation' label hid the §12 addition.) AN-04 consolidation: absorbs former REQ-S12-007 (Starter automation: when a KPI deviates from trajectory, create or update a corrective-action case using the configured severity and persistence rule); its anchors M0227 and acceptance are carried here."
REQ-PB-086,SOURCE,Seed the 90-day launch plan as scheduled tasks relative to a start date,B0133;B0134;B0161,First 90 Days of a New Transformation,LAUNCH90,Window (Days 0-30 | Days 31-60 | Days 61-90);Primary objective;Actions;Outputs;Start date,"On request, the system generates tasks for each window's actions and required outputs, dated from the chosen start date, with owners and links to the output records",90-day launch task plan,TL;TO,"generate/edit:TL,TO; view:scoped",New transformation created -> optional 90-day plan,Transformations > Launch plan; POST /api/v1/transformations/{id}/launch-plan,A16: with start date 2026-10-01 the Days 31-60 tasks fall between 2026-11-01 and 2026-11-30; all actions of B0134 appear,P5,DG5,SPECIFIED,,"Playbook (B0133, B0134, B0161): the three windows with primary objective, actions and outputs. Master-prompt additions (§14 M0257, M0261; §12 M0224): tasks dated from a chosen start date, with owners and links to output records, and generation as an option when a transformation is created. Interpretations: none."
REQ-PB-087,SOURCE,Run the Day-90 leadership test,B0135;B0136;B0137;B0138;B0139;B0140;B0141,Day-90 leadership test,LAUNCH90,Can leaders explain the same case for change and North Star?;Can every initiative be traced to a target-state gap and outcome?;Are executive decision rights clear?;Is Finance aligned on baselines and benefit formulas?;Are Wave 1 initiatives producing evidence rather than only plans?;Can the transformation team show what it needs from executives this month?;Response;Evidence,At day 90 the system schedules the test; it pre-fills evidence where available and leaders record responses,Day-90 test record,SP;TL,"respond:SP,TL; view:scoped",Day 90 reached -> create test task,Transformations > Launch plan > Day-90 test,A16: all six questions render verbatim; unanswered questions mark the test incomplete,P5,DG5,SPECIFIED,,"Playbook (B0135-B0141): the six questions, verbatim. Master-prompt additions (§14 M0261): the Day-90 leadership test is preserved within the launch plan's editable scheduled tasks, so the test is scheduled at day 90 (task scheduling itself: REQ-PB-086, REQ-S14-004). Interpretations: evidence is pre-filled where available, and unanswered questions make the test incomplete."
REQ-PB-088,SOURCE,Seed the International Roaming worked example as clearly synthetic demo data,B0143;B0145;B0162,Example — International Roaming Transformation,ROAMING-EX,Case for change;North Star;Outcomes;TOM focus;Initiatives;Governance;Benefits,Demo environment seeds linked records carrying the seven elements verbatim,Roaming demo transformation,ADM,reset-demo:ADM; view:demo users,none,Demo environment; seed command,"A01: the demo transformation's North Star equals 'Make international roaming effortless, trusted and economically accretive.'; the production initialization contains no demo records",P5,DG5,SPECIFIED,,"Playbook (B0143, B0145, B0162): the roaming example's seven elements. Master-prompt additions (§18 M0339, M0348): the example is seeded as synthetic demo data, and the production initialization contains no demo records. Interpretations: none. (AN-05 relabelling, finding F-DG0-003: the earlier 'no interpretation' label hid the §18 addition.) (AN-08, finding F-DG0-006: M0348 is now cited in source_ref; REQ-S18-003 carries the empty production initialization as its own requirement.)"
REQ-PB-089,SOURCE,Label every example record as illustrative and replaceable by validated data,B0144,Example — Illustrative example only,ROAMING-EX,Illustrative flag,All demo records carry an 'Illustrative example — synthetic' badge on screen and in exports,Illustrative labelling,ADM,view:all,none,Demo environment,A01;A15: every demo record and exported demo report shows the illustrative label in en and ar,P5,DG5,SPECIFIED,,"Playbook (B0144): 'Illustrative example only. Replace assumptions with validated company data.' Master-prompt additions (§18 M0339, §15 M0302): the illustrative badge appears on screens and in exports, in en and ar. Interpretations: none."
REQ-PB-090,SOURCE,Seed the three illustrative traceability chains of the roaming example,B0146;B0147,Illustrative traceability,ROAMING-EX,Problem;TOM gap;Initiative;KPI;Benefit,"Demo seeds Low activation, High complaints and Partner cost pressure chains as linked records visible in the traceability view",Linked demo chains,ADM,view:demo users,none,Transformations > Traceability (demo),A01: the traceability view shows 'Low activation -> Proposition + journey -> Pass redesign + digital activation -> Attach rate / activation -> Revenue uplift',P5,DG5,SPECIFIED,,"Playbook (B0146, B0147): the three illustrative chains. Master-prompt additions (§18 M0347): seeded as linked demo records and shown in the traceability view. Interpretations: none."
REQ-PB-091,SOURCE,Implement the 25-question Transformation Health Check with score and top 3 actions,B0149;B0150;B0161,Transformation Health Check — 25 Questions,HEALTH25,Questions 1-25 (verbatim);Response;Evidence;Owner;Assessment date;Score (/ 25);Top 3 actions,Assessor answers all 25 questions; score out of 25 is calculated; three top actions are required; reassessments tracked,Health-check assessment,TL;TO;SP,"assess:TL,TO; view:scoped",none,Transformations > Health check; /api/v1/health-checks,A16: all 25 questions render verbatim; an assessment with an unanswered question is labelled incomplete and shows no band; submission without three actions is rejected,P5,DG5,SPECIFIED,,"Playbook (B0149, B0150, B0161): the 25 questions (checkboxes), 'Score: __ / 25' and 'Top 3 actions'. Master-prompt additions (§14 M0262, M0288): Yes=1/No=0 scoring (REQ-S14-001) and incomplete-assessment handling (REQ-S14-002), both implementation assumption D-010 (M0262); the top three improvement actions are required and reassessments are tracked over time (M0288). Interpretations: the requirement for three actions is enforced by rejecting submission of an assessment with fewer than three."
REQ-PB-092,SOURCE,Interpret the health-check score with the four source bands,B0151;B0152,Interpretation,HEALTH25,Score;Interpretation (21-25 | 16-20 | 10-15 | 0-9),Completed assessments show the band text matching the score,Band interpretation,TL;TO,view:scoped,none,Transformations > Health check,"A16: scores 21, 16, 10 and 9 map to the four band texts verbatim",P5,DG5,SPECIFIED,,"Playbook (B0151, B0152): the four score bands and their text. Master-prompt additions: none; §14 M0288 restates the four bands (its top-three-actions and reassessment clause is covered by REQ-PB-091). Interpretations: none."
REQ-PB-093,SOURCE,Let methodology administrators configure the default T06 weight set and scoring rubrics in Playbook Studio as versioned configuration,B0077;M0176,Prioritization Scorecard (adjust weights); Playbook Studio,T06,Default criteria;Default weights;Optional default risk/compliance criterion;Scoring rubric per criterion (1-5 descriptors);Configuration version,"A methodology admin edits the default weight set and the 1-5 rubric descriptors in a Studio draft; publishing applies the 100% rule and creates an immutable version, which becomes the starting weight set and rubric of transformations created afterwards; existing transformations keep their pinned weight set and rubric until a deliberate migration",Versioned default weight set and rubrics,ADM;TO,configure-default:ADM (methodology admin; draft and publish); review:TO; view:all signed-in users,Methodology revision proposed -> impact and validation,Administration > Playbook Studio > Scoring; /api/v1/admin/methodology-versions,A06;A07: an admin changes the default Feasibility rubric text and the default weights to 30/20/20/15/15 in the UI and publishes without a code change; a transformation created afterwards starts with the new default; an existing transformation keeps its weight set and rubric version; publishing defaults that total 95% is rejected,P5,DG5,SPECIFIED,,"Playbook (B0077): weights are adjusted to the transformation context. Master-prompt additions (§9 M0176; §6 M0154, M0155): scoring rubrics and approved weights are configurable and versioned, administered in Playbook Studio with draft, publish and version pinning; the source weights 25/25/20/15/15 are seeded (M0176, REQ-PB-048). Interpretations: that seed is the initial Studio default for new transformations, and ADM configures defaults only, never approving a transformation's weights (permissions-matrix.md §5 rule 2). AN-05: split from REQ-PB-049 (finding F-DG0-001)."
