8162	ActionsPage-9BJGklu3.js
24045	ActionsPage-9BJGklu3.js.map
1624	AdminHomePage-dWWlR5lu.js
4089	AdminHomePage-dWWlR5lu.js.map
14466	AdoptionPage-FYchHqJv.js
40930	AdoptionPage-FYchHqJv.js.map
1920	Amount-CaEqhmbE.js
5745	Amount-CaEqhmbE.js.map
2745	ApprovalRecordsPage-D0gPnM68.js
7271	ApprovalRecordsPage-D0gPnM68.js.map
15354	ApprovalsPage-BEh0vIf-.js
43714	ApprovalsPage-BEh0vIf-.js.map
4752	AreaPages-DB_NkYDq.js
12917	AreaPages-DB_NkYDq.js.map
24469	AssignmentsPage-X8KfCkyV.js
75195	AssignmentsPage-X8KfCkyV.js.map
990	Badges-DnRdwZNq.js
3780	Badges-DnRdwZNq.js.map
13132	BauPage-CXdWseiS.js
37629	BauPage-CXdWseiS.js.map
26673	BenefitFormulaPage-BwwId-Bq.js
86617	BenefitFormulaPage-BwwId-Bq.js.map
13750	BenefitFormulasPage-Dr8M2eDj.js
43811	BenefitFormulasPage-Dr8M2eDj.js.map
34958	BenefitPage-rgdGuzhy.js
102437	BenefitPage-rgdGuzhy.js.map
24398	BenefitsPage-CiST5vBr.js
75165	BenefitsPage-CiST5vBr.js.map
29541	BusinessCasePage-DV45HQXj.js
95290	BusinessCasePage-DV45HQXj.js.map
8064	BusinessCasesPage-BkTAMrjU.js
24509	BusinessCasesPage-BkTAMrjU.js.map
10967	CalendarPage-_OORi5Sm.js
34325	CalendarPage-_OORi5Sm.js.map
8001	CapacityPage-BKCuPUoq.js
27625	CapacityPage-BKCuPUoq.js.map
12737	ChangeRequestPage-DtabWYFN.js
35590	ChangeRequestPage-DtabWYFN.js.map
8929	ChangeRequestsPage-BYMdSiwa.js
26007	ChangeRequestsPage-BYMdSiwa.js.map
18980	CharterPage-BJRV6r9M.js
53008	CharterPage-BJRV6r9M.js.map
21607	ClosurePage-Df3BbyOm.js
64500	ClosurePage-Df3BbyOm.js.map
13706	ControlsPage-CzmpPkRD.js
39540	ControlsPage-CzmpPkRD.js.map
16478	CorrectivePages-DxgrXc9y.js
48925	CorrectivePages-DxgrXc9y.js.map
18730	CreateChangeRequest-kHPTx5WF.js
64720	CreateChangeRequest-kHPTx5WF.js.map
11564	DashboardsPage-ZLDBgZSQ.js
32882	DashboardsPage-ZLDBgZSQ.js.map
4257	DataQualityPage-B-KjB0w5.js
11600	DataQualityPage-B-KjB0w5.js.map
3983	DataTable-QIWAmKjU.js
14143	DataTable-QIWAmKjU.js.map
2440	DecisionLogPage-CJcTsj6N.js
6603	DecisionLogPage-CJcTsj6N.js.map
14786	DecisionRightsPage-BE8GuLXr.js
42188	DecisionRightsPage-BE8GuLXr.js.map
13816	DecisionsPage-CI9h-Tjs.js
41188	DecisionsPage-CI9h-Tjs.js.map
26568	DefinePage-7rBSRF0c.js
77134	DefinePage-7rBSRF0c.js.map
8103	DelegationsPage-CLPjkNIo.js
23723	DelegationsPage-CLPjkNIo.js.map
16352	DependenciesPage--78dDJ86.js
53614	DependenciesPage--78dDJ86.js.map
40707	DesignPage-sR4V8ifd.js
123324	DesignPage-sR4V8ifd.js.map
23337	DiagnosePage-DQKP789l.js
67634	DiagnosePage-DQKP789l.js.map
13589	DispensationsPage-BEyeodDR.js
40318	DispensationsPage-BEyeodDR.js.map
14873	EvidencePage-Ba6l2dgy.js
44371	EvidencePage-Ba6l2dgy.js.map
16418	ExecutiveDecisionsPage-BvMdoHEa.js
48362	ExecutiveDecisionsPage-BvMdoHEa.js.map
2022	ExecutiveOverviewPage-SBVpZDeu.js
5966	ExecutiveOverviewPage-SBVpZDeu.js.map
16740	FinanceValidationPages-Boz_QVqq.js
49518	FinanceValidationPages-Boz_QVqq.js.map
2934	Form-C9xHArMa.js
11135	Form-C9xHArMa.js.map
24304	FormsPage-Ccm-sLEv.js
79035	FormsPage-Ccm-sLEv.js.map
17260	ForumsPage-jVfy9yDO.js
49404	ForumsPage-jVfy9yDO.js.map
32318	GateDetailPage-BRFneu8K.js
106525	GateDetailPage-BRFneu8K.js.map
26868	GateP4-DAv6bPgM.js
86617	GateP4-DAv6bPgM.js.map
3759	GatesPage-DoCvuVnd.js
11423	GatesPage-DoCvuVnd.js.map
9680	GroupsPage-CqOJpewa.js
29152	GroupsPage-CqOJpewa.js.map
14387	HandoverPage-D4wVreW4.js
41039	HandoverPage-D4wVreW4.js.map
6982	ImprovementPage-BvgOww2S.js
19721	ImprovementPage-BvgOww2S.js.map
9455	IndicatorsPage-BygIL3Cx.js
27428	IndicatorsPage-BygIL3Cx.js.map
60946	InitiativePage-CG9j4neb.js
193025	InitiativePage-CG9j4neb.js.map
9228	InterventionsPage-CDqCd4XC.js
26331	InterventionsPage-CDqCd4XC.js.map
3979	JobsPage-B6rd0OPW.js
11531	JobsPage-B6rd0OPW.js.map
10192	KpiActualPage-CUnjQJOJ.js
28923	KpiActualPage-CUnjQJOJ.js.map
31662	KpiPage-BtLtGjb2.js
90323	KpiPage-BtLtGjb2.js.map
17495	KpiUpdatePage-CqhNZf19.js
53114	KpiUpdatePage-CqhNZf19.js.map
9353	KpisPage-C1VJPpym.js
26049	KpisPage-C1VJPpym.js.map
9649	LessonsPage-D-_HO1rm.js
27445	LessonsPage-D-_HO1rm.js.map
7141	MeasurementPage--wwtyBSk.js
17292	MeasurementPage--wwtyBSk.js.map
26733	MeetingPage-D2uYOXc_.js
80070	MeetingPage-D2uYOXc_.js.map
4796	MeetingsPage-CjslTQjN.js
13685	MeetingsPage-CjslTQjN.js.map
12568	ModularPage-CXRVTU2x.js
35106	ModularPage-CXRVTU2x.js.map
11678	MyWorkPage-BJTvOmTD.js
37743	MyWorkPage-BJTvOmTD.js.map
16998	OrganizationsPage-C5IHdFCi.js
52523	OrganizationsPage-C5IHdFCi.js.map
3165	P2Badges-zXHAT08j.js
9549	P2Badges-zXHAT08j.js.map
1496	People-DGIF8w8n.js
5497	People-DGIF8w8n.js.map
16103	PhasesPage-Ck9-x1wb.js
49635	PhasesPage-Ck9-x1wb.js.map
8939	PortfolioPage-TSxXWzzN.js
25947	PortfolioPage-TSxXWzzN.js.map
39529	PrioritizationPage-DlKDUAn8.js
129798	PrioritizationPage-DlKDUAn8.js.map
6560	RaciPage-CeJN4p4O.js
20871	RaciPage-CeJN4p4O.js.map
5629	RagPolicyPage-ItwrAe9U.js
18770	RagPolicyPage-ItwrAe9U.js.map
11260	RaidPage-eUO2pGJM.js
32647	RaidPage-eUO2pGJM.js.map
6541	ReadinessPage-Dr-afkMm.js
17177	ReadinessPage-Dr-afkMm.js.map
1498	ReasonDialog-BOFYOkKz.js
6315	ReasonDialog-BOFYOkKz.js.map
11164	RecordForm-BSI-xvgI.js
47652	RecordForm-BSI-xvgI.js.map
5290	RecordPage-DmpQlTjn.js
14209	RecordPage-DmpQlTjn.js.map
24036	RegisterPages-DkSApbrH.js
70612	RegisterPages-DkSApbrH.js.map
3931	RegisterTable-BLv1A-52.js
15294	RegisterTable-BLv1A-52.js.map
22969	RoadmapPage-Bw-3QoT9.js
70700	RoadmapPage-Bw-3QoT9.js.map
5871	RoleMappingsPage-RusHpx4o.js
16990	RoleMappingsPage-RusHpx4o.js.map
3732	RowActions-WTHxctPW.js
14013	RowActions-WTHxctPW.js.map
1075	Section-DOUSAn2o.js
3117	Section-DOUSAn2o.js.map
17006	StructurePages-Bn5AE5Vh.js
52154	StructurePages-Bn5AE5Vh.js.map
7401	TeamPage-DDMatBTc.js
24934	TeamPage-DDMatBTc.js.map
28213	TraceabilityPage-B78tf65Q.js
87324	TraceabilityPage-B78tf65Q.js.map
8432	TrainingPage-wkfZj_-s.js
23914	TrainingPage-wkfZj_-s.js.map
2127	TransformReadinessPage-DVTxRphO.js
5586	TransformReadinessPage-DVTxRphO.js.map
8944	TransformationCreatePage-B2nFSEIT.js
27951	TransformationCreatePage-B2nFSEIT.js.map
3155	TransformationDashboardPage-DhCIMryL.js
9345	TransformationDashboardPage-DhCIMryL.js.map
26505	TransformationDetailPage-whxO8fvM.js
82920	TransformationDetailPage-whxO8fvM.js.map
6889	TransformationEditPage-BQIshPjN.js
24547	TransformationEditPage-BQIshPjN.js.map
8713	TransformationListPage-Dk73RopW.js
26753	TransformationListPage-Dk73RopW.js.map
5137	Workspace-BphnZdOl.js
17035	Workspace-BphnZdOl.js.map
668	actions-BZrgfY_h.js
2580	actions-BZrgfY_h.js.map
1014	api-BO2revfP.js
4149	api-BO2revfP.js.map
4980	api-BePuReXo.js
21018	api-BePuReXo.js.map
4721	api-BqOm-dM2.js
19331	api-BqOm-dM2.js.map
939	api-C6diEJAa.js
4041	api-C6diEJAa.js.map
5188	api-RhNkybXh.js
22677	api-RhNkybXh.js.map
502	api-nGgHEI09.js
4390	api-nGgHEI09.js.map
4966	common-BM1TgQMW.js
18685	common-BM1TgQMW.js.map
1912	common-Cbbk3sgF.js
6136	common-Cbbk3sgF.js.map
1386	dialogs-B6bhjh31.js
5108	dialogs-B6bhjh31.js.map
10403	editing-1B724PFz.js
34191	editing-1B724PFz.js.map
4314	finance-C4JQn5BQ.js
17860	finance-C4JQn5BQ.js.map
42880	ibm-plex-sans-arabic-arabic-400-normal-BM00HIL5.woff2
44176	ibm-plex-sans-arabic-arabic-400-normal-D-ylXcdQ.woff
45488	ibm-plex-sans-arabic-arabic-500-normal-CVSLUoBh.woff2
46964	ibm-plex-sans-arabic-arabic-500-normal-DCkCZrW1.woff
46832	ibm-plex-sans-arabic-arabic-600-normal-BQ7tCLaK.woff
45732	ibm-plex-sans-arabic-arabic-600-normal-a0NpOJIw.woff2
22588	ibm-plex-sans-latin-400-normal-CDDApCn2.woff2
22104	ibm-plex-sans-latin-400-normal-CYLoc0-x.woff
24184	ibm-plex-sans-latin-500-normal-6ng42L7E.woff2
23916	ibm-plex-sans-latin-500-normal-BgVn5rGT.woff
23876	ibm-plex-sans-latin-600-normal-Cu4Hd6ag.woff
24252	ibm-plex-sans-latin-600-normal-CuJfVYMP.woff2
29317	index-C4W1ZLo8.css
1138729	index-Di_6q6SJ.js
1024084	index-Di_6q6SJ.js.map
805	methodology-C1sYRf_3.js
3925	methodology-C1sYRf_3.js.map
2817	p3ui-BGvcgQWG.js
10538	p3ui-BGvcgQWG.js.map
6840	p4-DAPfNVWY.js
28387	p4-DAPfNVWY.js.map
5993	p4ui-WZEhaoIb.js
24878	p4ui-WZEhaoIb.js.map
1796	portfolio-0gPwqawf.js
7866	portfolio-0gPwqawf.js.map
19450	types-DdJdhTDe.js
102925	types-DdJdhTDe.js.map
4629	ui-B6mIO8BG.js
17936	ui-B6mIO8BG.js.map
8803	ui-BEPTTP4C.js
31665	ui-BEPTTP4C.js.map
4797	ui-BvbW4VXc.js
18220	ui-BvbW4VXc.js.map
7058	ui-BwA1xVou.js
26221	ui-BwA1xVou.js.map
3297	ui-CFJf9bY7.js
11306	ui-CFJf9bY7.js.map
5895	ui-DBhV-44S.js
21083	ui-DBhV-44S.js.map
27765	ui-RcM0IrEP.js
91821	ui-RcM0IrEP.js.map
1273	useVersionedSave-COjTogKq.js
6325	useVersionedSave-COjTogKq.js.map
1220	vendor-4K9mFV6R.js
4194	vendor-4K9mFV6R.js.map
1516	vendor-DXNDhYAL.css
111342	vendor-forms-Cr4diBa6.js
653055	vendor-forms-Cr4diBa6.js.map
49179	vendor-i18n-DyGhMmc9.js
166951	vendor-i18n-DyGhMmc9.js.map
273187	vendor-react-8Yp2Sord.js
1376505	vendor-react-8Yp2Sord.js.map
85250	vendor-tanstack-Cq3yvDOb.js
371563	vendor-tanstack-Cq3yvDOb.js.map
