8162	ActionsPage-1bxQpiYi.js
24045	ActionsPage-1bxQpiYi.js.map
1624	AdminHomePage-Ds2jId9C.js
4089	AdminHomePage-Ds2jId9C.js.map
14466	AdoptionPage-D7wnSj8Z.js
40930	AdoptionPage-D7wnSj8Z.js.map
1920	Amount-DlCRlzJq.js
5745	Amount-DlCRlzJq.js.map
2745	ApprovalRecordsPage-DpXXqBAz.js
7271	ApprovalRecordsPage-DpXXqBAz.js.map
15354	ApprovalsPage-BWQx95mJ.js
43714	ApprovalsPage-BWQx95mJ.js.map
4752	AreaPages-BDggyCui.js
12917	AreaPages-BDggyCui.js.map
24469	AssignmentsPage-lLf1E9Ic.js
75195	AssignmentsPage-lLf1E9Ic.js.map
990	Badges-CunCyKvJ.js
3780	Badges-CunCyKvJ.js.map
13132	BauPage-Dq0HU-lM.js
37629	BauPage-Dq0HU-lM.js.map
26673	BenefitFormulaPage-DttWYt3f.js
86617	BenefitFormulaPage-DttWYt3f.js.map
13750	BenefitFormulasPage-D7XaDFvl.js
43811	BenefitFormulasPage-D7XaDFvl.js.map
34958	BenefitPage-Xn9QZcRI.js
102437	BenefitPage-Xn9QZcRI.js.map
24398	BenefitsPage-BxluSC-_.js
75165	BenefitsPage-BxluSC-_.js.map
29541	BusinessCasePage-CQli6myV.js
95290	BusinessCasePage-CQli6myV.js.map
8064	BusinessCasesPage-C8XHpyux.js
24509	BusinessCasesPage-C8XHpyux.js.map
10967	CalendarPage-DV4oGAyT.js
34325	CalendarPage-DV4oGAyT.js.map
8001	CapacityPage-CAYhpq72.js
27625	CapacityPage-CAYhpq72.js.map
12737	ChangeRequestPage-DlTHV9tW.js
35590	ChangeRequestPage-DlTHV9tW.js.map
8929	ChangeRequestsPage-DsXW1NbU.js
26007	ChangeRequestsPage-DsXW1NbU.js.map
18980	CharterPage-Di1JHiQg.js
53008	CharterPage-Di1JHiQg.js.map
21607	ClosurePage-C6ToFrPc.js
64500	ClosurePage-C6ToFrPc.js.map
13706	ControlsPage-BepEaTiZ.js
39540	ControlsPage-BepEaTiZ.js.map
16478	CorrectivePages-CzvSzkkL.js
48925	CorrectivePages-CzvSzkkL.js.map
18730	CreateChangeRequest-Db9zlsc4.js
64720	CreateChangeRequest-Db9zlsc4.js.map
11564	DashboardsPage-D6vFWkW6.js
32882	DashboardsPage-D6vFWkW6.js.map
4257	DataQualityPage-ChlQeAl1.js
11600	DataQualityPage-ChlQeAl1.js.map
3983	DataTable-Bg-qtZ1G.js
14143	DataTable-Bg-qtZ1G.js.map
2440	DecisionLogPage-D6r9f-66.js
6603	DecisionLogPage-D6r9f-66.js.map
14786	DecisionRightsPage-Cyj_raZw.js
42188	DecisionRightsPage-Cyj_raZw.js.map
13816	DecisionsPage-GxsGiLLC.js
41188	DecisionsPage-GxsGiLLC.js.map
26568	DefinePage-DVINxi_m.js
77134	DefinePage-DVINxi_m.js.map
8103	DelegationsPage-Cq-Ad7p7.js
23723	DelegationsPage-Cq-Ad7p7.js.map
16352	DependenciesPage-Dd1Zr-rG.js
53614	DependenciesPage-Dd1Zr-rG.js.map
40707	DesignPage-Ci6g8Bit.js
123324	DesignPage-Ci6g8Bit.js.map
23337	DiagnosePage-DN7fF7Ej.js
67634	DiagnosePage-DN7fF7Ej.js.map
13589	DispensationsPage-C7UlsVzV.js
40318	DispensationsPage-C7UlsVzV.js.map
14873	EvidencePage-BPh0n0wq.js
44371	EvidencePage-BPh0n0wq.js.map
16418	ExecutiveDecisionsPage-CBYE252Y.js
48362	ExecutiveDecisionsPage-CBYE252Y.js.map
2022	ExecutiveOverviewPage-Dzkvinyk.js
5966	ExecutiveOverviewPage-Dzkvinyk.js.map
16740	FinanceValidationPages-C0_7h40Y.js
49518	FinanceValidationPages-C0_7h40Y.js.map
2934	Form-BTcD3DD0.js
11135	Form-BTcD3DD0.js.map
24304	FormsPage-BEmTN6Js.js
79035	FormsPage-BEmTN6Js.js.map
17260	ForumsPage-C5VebgBF.js
49404	ForumsPage-C5VebgBF.js.map
32318	GateDetailPage-CCCQVsgC.js
106525	GateDetailPage-CCCQVsgC.js.map
26868	GateP4-Bk43DtMM.js
86617	GateP4-Bk43DtMM.js.map
3759	GatesPage-Q8qc3Byg.js
11423	GatesPage-Q8qc3Byg.js.map
9680	GroupsPage-CIfF1dux.js
29152	GroupsPage-CIfF1dux.js.map
14387	HandoverPage-DgE_vaXD.js
41039	HandoverPage-DgE_vaXD.js.map
6982	ImprovementPage-CYCfHcAU.js
19721	ImprovementPage-CYCfHcAU.js.map
9455	IndicatorsPage-CG7V9786.js
27428	IndicatorsPage-CG7V9786.js.map
60946	InitiativePage-jdNy4oct.js
193025	InitiativePage-jdNy4oct.js.map
9228	InterventionsPage-DVS3bccs.js
26331	InterventionsPage-DVS3bccs.js.map
3979	JobsPage-xKan6WfJ.js
11531	JobsPage-xKan6WfJ.js.map
10192	KpiActualPage-6SJ6p24H.js
28923	KpiActualPage-6SJ6p24H.js.map
31662	KpiPage-D0AZGjvA.js
90323	KpiPage-D0AZGjvA.js.map
17495	KpiUpdatePage-LsQklszJ.js
53114	KpiUpdatePage-LsQklszJ.js.map
9353	KpisPage-DTvIMHR4.js
26049	KpisPage-DTvIMHR4.js.map
9649	LessonsPage-CTvqhd1g.js
27445	LessonsPage-CTvqhd1g.js.map
7141	MeasurementPage-xCZnxepx.js
17292	MeasurementPage-xCZnxepx.js.map
26733	MeetingPage-Bbd4hhyC.js
80070	MeetingPage-Bbd4hhyC.js.map
4796	MeetingsPage-ekCXqwDg.js
13685	MeetingsPage-ekCXqwDg.js.map
12568	ModularPage-Bfw0cWtg.js
35106	ModularPage-Bfw0cWtg.js.map
11678	MyWorkPage-BrcyIKC_.js
37743	MyWorkPage-BrcyIKC_.js.map
16998	OrganizationsPage-B51nEZbs.js
52523	OrganizationsPage-B51nEZbs.js.map
3165	P2Badges-CvUdvfDB.js
9549	P2Badges-CvUdvfDB.js.map
1496	People-FUidsQ-v.js
5497	People-FUidsQ-v.js.map
16103	PhasesPage-BTewfEOI.js
49635	PhasesPage-BTewfEOI.js.map
8939	PortfolioPage-B0_ZnDDc.js
25947	PortfolioPage-B0_ZnDDc.js.map
39529	PrioritizationPage-B5_kHuYc.js
129798	PrioritizationPage-B5_kHuYc.js.map
6560	RaciPage-Bs-zh7dx.js
20871	RaciPage-Bs-zh7dx.js.map
5629	RagPolicyPage-By2Sm2-F.js
18770	RagPolicyPage-By2Sm2-F.js.map
11260	RaidPage-Y-s_fHer.js
32647	RaidPage-Y-s_fHer.js.map
6541	ReadinessPage-kskFwBeB.js
17177	ReadinessPage-kskFwBeB.js.map
1498	ReasonDialog-tGB6bUgb.js
6315	ReasonDialog-tGB6bUgb.js.map
11164	RecordForm-Clk-uYyk.js
47652	RecordForm-Clk-uYyk.js.map
5290	RecordPage-CgM72g66.js
14209	RecordPage-CgM72g66.js.map
24036	RegisterPages-Bc0dgnbv.js
70612	RegisterPages-Bc0dgnbv.js.map
3931	RegisterTable-DFbSL9gr.js
15294	RegisterTable-DFbSL9gr.js.map
22969	RoadmapPage-krTOMZLw.js
70700	RoadmapPage-krTOMZLw.js.map
5871	RoleMappingsPage-vunfFRhT.js
16990	RoleMappingsPage-vunfFRhT.js.map
3732	RowActions-DYheEpoq.js
14013	RowActions-DYheEpoq.js.map
1075	Section-DPNeuDsU.js
3117	Section-DPNeuDsU.js.map
17006	StructurePages-JXv18124.js
52154	StructurePages-JXv18124.js.map
7401	TeamPage-iEIwNWkU.js
24934	TeamPage-iEIwNWkU.js.map
28213	TraceabilityPage-B69hiUTU.js
87324	TraceabilityPage-B69hiUTU.js.map
8432	TrainingPage-76XWvMhv.js
23914	TrainingPage-76XWvMhv.js.map
2127	TransformReadinessPage-BcriEVHO.js
5586	TransformReadinessPage-BcriEVHO.js.map
8944	TransformationCreatePage-B-VyR7_n.js
27951	TransformationCreatePage-B-VyR7_n.js.map
3155	TransformationDashboardPage-8pXAVEyq.js
9345	TransformationDashboardPage-8pXAVEyq.js.map
26505	TransformationDetailPage-BD4shpAx.js
82920	TransformationDetailPage-BD4shpAx.js.map
6889	TransformationEditPage-DNK2ikGZ.js
24547	TransformationEditPage-DNK2ikGZ.js.map
8713	TransformationListPage-D5wxd9JN.js
26753	TransformationListPage-D5wxd9JN.js.map
5137	Workspace-C9l6QVLT.js
17035	Workspace-C9l6QVLT.js.map
668	actions-aXp4LR7S.js
2580	actions-aXp4LR7S.js.map
939	api-A_zSpzay.js
4041	api-A_zSpzay.js.map
4980	api-Bg-2DRK9.js
21018	api-Bg-2DRK9.js.map
502	api-Bo5_VG7z.js
4390	api-Bo5_VG7z.js.map
4721	api-CA_c2CIB.js
19331	api-CA_c2CIB.js.map
1014	api-DMdvHwJq.js
4149	api-DMdvHwJq.js.map
5188	api-YnwlEpK_.js
22677	api-YnwlEpK_.js.map
1912	common-CFXz4IYv.js
6136	common-CFXz4IYv.js.map
4966	common-oroqlQff.js
18685	common-oroqlQff.js.map
1386	dialogs-DSez3w4b.js
5108	dialogs-DSez3w4b.js.map
10403	editing-CusI0YLY.js
34191	editing-CusI0YLY.js.map
4314	finance-DQ_alN5X.js
17860	finance-DQ_alN5X.js.map
42880	ibm-plex-sans-arabic-arabic-400-normal-BM00HIL5.woff2
44176	ibm-plex-sans-arabic-arabic-400-normal-D-ylXcdQ.woff
45488	ibm-plex-sans-arabic-arabic-500-normal-CVSLUoBh.woff2
46964	ibm-plex-sans-arabic-arabic-500-normal-DCkCZrW1.woff
46832	ibm-plex-sans-arabic-arabic-600-normal-BQ7tCLaK.woff
45732	ibm-plex-sans-arabic-arabic-600-normal-a0NpOJIw.woff2
22588	ibm-plex-sans-latin-400-normal-CDDApCn2.woff2
22104	ibm-plex-sans-latin-400-normal-CYLoc0-x.woff
24184	ibm-plex-sans-latin-500-normal-6ng42L7E.woff2
23916	ibm-plex-sans-latin-500-normal-BgVn5rGT.woff
23876	ibm-plex-sans-latin-600-normal-Cu4Hd6ag.woff
24252	ibm-plex-sans-latin-600-normal-CuJfVYMP.woff2
1138999	index--s1dgcNj.js
1026187	index--s1dgcNj.js.map
29317	index-C4W1ZLo8.css
805	methodology-C1sYRf_3.js
3925	methodology-C1sYRf_3.js.map
2817	p3ui-KI92_gJO.js
10538	p3ui-KI92_gJO.js.map
6840	p4-1-pW9Q0T.js
28387	p4-1-pW9Q0T.js.map
5993	p4ui-CxiJmzj2.js
24878	p4ui-CxiJmzj2.js.map
1796	portfolio-b5zrTyfi.js
7866	portfolio-b5zrTyfi.js.map
19450	types-DdlPMbxI.js
102925	types-DdlPMbxI.js.map
3297	ui-6zPGSVm8.js
11306	ui-6zPGSVm8.js.map
27765	ui-BdMPMsvd.js
91821	ui-BdMPMsvd.js.map
4797	ui-BuDIFIec.js
18220	ui-BuDIFIec.js.map
5895	ui-C5o2wNV9.js
21083	ui-C5o2wNV9.js.map
8803	ui-C8awLHGQ.js
31665	ui-C8awLHGQ.js.map
7058	ui-ChPeXFgA.js
26221	ui-ChPeXFgA.js.map
4629	ui-Dgq0lHN0.js
17936	ui-Dgq0lHN0.js.map
1273	useVersionedSave-l4sLlKLF.js
6325	useVersionedSave-l4sLlKLF.js.map
1220	vendor-CnKhcIvN.js
4194	vendor-CnKhcIvN.js.map
1516	vendor-DXNDhYAL.css
111342	vendor-forms-Jbb34NRB.js
653055	vendor-forms-Jbb34NRB.js.map
49179	vendor-i18n-CCR7jdor.js
166951	vendor-i18n-CCR7jdor.js.map
273195	vendor-react-NIDFHmNi.js
1376505	vendor-react-NIDFHmNi.js.map
85250	vendor-tanstack-CBngMRya.js
371563	vendor-tanstack-CBngMRya.js.map
