42880	ibm-plex-sans-arabic-arabic-400-normal-BM00HIL5.woff2
44176	ibm-plex-sans-arabic-arabic-400-normal-D-ylXcdQ.woff
45488	ibm-plex-sans-arabic-arabic-500-normal-CVSLUoBh.woff2
46964	ibm-plex-sans-arabic-arabic-500-normal-DCkCZrW1.woff
46832	ibm-plex-sans-arabic-arabic-600-normal-BQ7tCLaK.woff
45732	ibm-plex-sans-arabic-arabic-600-normal-a0NpOJIw.woff2
22588	ibm-plex-sans-latin-400-normal-CDDApCn2.woff2
22104	ibm-plex-sans-latin-400-normal-CYLoc0-x.woff
24184	ibm-plex-sans-latin-500-normal-6ng42L7E.woff2
23916	ibm-plex-sans-latin-500-normal-BgVn5rGT.woff
23876	ibm-plex-sans-latin-600-normal-Cu4Hd6ag.woff
24252	ibm-plex-sans-latin-600-normal-CuJfVYMP.woff2
29317	index-C4W1ZLo8.css
2440705	index-CyQjVRiM.js
5397976	index-CyQjVRiM.js.map
1220	vendor-D5IgzPKA.js
4194	vendor-D5IgzPKA.js.map
1516	vendor-DXNDhYAL.css
111342	vendor-forms-CEtlTSTg.js
653055	vendor-forms-CEtlTSTg.js.map
49179	vendor-i18n-cR9N_hkb.js
166951	vendor-i18n-cR9N_hkb.js.map
273187	vendor-react-KfPm9aBL.js
1376505	vendor-react-KfPm9aBL.js.map
85250	vendor-tanstack-BqUvQ4H9.js
371563	vendor-tanstack-BqUvQ4H9.js.map
