name,version,license,scope,direct_dependency_of,integrity
@apidevtools/json-schema-ref-parser,11.7.2,MIT,development,,sha512-4gY54eEGEstClvEkGnwVkTkrx0sqwemEFG5OSRRn3tD91XH0+Q8XIkYIfo7IwEWPpJZwILb9GUXeShtplRc/eA==
@apidevtools/openapi-schemas,2.1.0,MIT,development,,sha512-Zc1AlqrJlX3SlpupFGpiLi2EbteyP7fXmUOGup6/DnkRgjP9bgMM/ag+n91rsv0U1Gpz0H3VILA/o3bW7Ua6BQ==
@apidevtools/swagger-methods,3.0.2,MIT,development,,sha512-QAkD5kK2b1WfjDS/UQn/qQkbwF31uqRjPTrsCs5ZG9BQGAkjwvqGFjjPqAuzac/IYzpPtRzjCP1WrTuAIjMrXg==
@apidevtools/swagger-parser,10.1.1,MIT,development,(root) (dev),sha512-u/kozRnsPO/x8QtKYJOqoGtC4kH6yg1lfYkB9Au0WhYB0FNLpyFusttQtvhlwjtG3rOwiRz4D8DnnXa8iEpIKA==
@asamuzakjp/css-color,4.1.2,MIT,development,,sha512-NfBUvBaYgKIuq6E/RBLY1m0IohzNHAYyaJGuTK79Z23uNwmz2jl1mPsC5ZxCCxylinKhT1Amn5oNTlx1wN8cQg==
@asamuzakjp/dom-selector,6.8.1,MIT,development,,sha512-MvRz1nCqW0fsy8Qz4dnLIvhOlMzqDVBabZx6lH+YywFDdjXhMY37SmpV1XFX3JzG5GWHn63j6HX6QPr3lZXHvQ==
@asamuzakjp/nwsapi,2.3.9,MIT,development,,sha512-n8GuYSrI9bF7FFZ/SjhwevlHc8xaVlb/7HmHelnc/PZXBD2ZR49NnN9sMMuDdEGPeeRQ5d0hqlSlEpgCX3Wl0Q==
@axe-core/playwright,4.10.2,MPL-2.0,development,(root) (dev),sha512-6/b5BJjG6hDaRNtgzLIfKr5DfwyiLHO4+ByTLB0cJgWSM8Ll7KqtdblIS6bEkwSF642/Ex91vNqIl3GLXGlceg==
@babel/code-frame,7.29.7,MIT,development,,sha512-Aup7aUOfpbAUg2ROOJN6Iw5f9DMBlzu0mIkm/malLQFN/YQgO48wCj0Kxa3sEHJvPVFg7siR+qRInwXd2qhQKw==
@babel/compat-data,7.29.7,MIT,development,,sha512-locTkQyKvwIEgBzVrn8693ebc97F2U8ZHjbXwDXJ5Fn2TCpNwTlKcaKLkdHop5c/icOFE7qt7Q9JC5hnKNa6Gg==
@babel/core,7.29.7,MIT,development,,sha512-RgHBCvtjbOK2gXSNBNIkNoEc9qoVEtau3hj8gEqKQuL3HZAibKarWFEI3Lfm6EYKkLalOh8eSrj9b+ch9H/VBA==
@babel/generator,7.29.8,MIT,development,,sha512-gZbepsdh3WDtgZKWL+vTPh71LSBrm/Y4/QDZBVCcYfmeTEEuoOYwlSy+G1StfJg+/Zy550u/3TATbm7qDbbMtg==
@babel/helper-compilation-targets,7.29.7,MIT,development,,sha512-wem6WaBj4NaVYVdNhLPPVacES6ZJ+KBBfSkTMD3YZxbP3rm3Di85tJU5ljaUNhaOynt+Aj0xruhYuzQBt8n71g==
@babel/helper-globals,7.29.7,MIT,development,,sha512-3nQVUAtvkKH9zahfWgw96Jc/uFOmjACE1kQz82E2lqWmHBgjzbNlsC22nuQTfahmWeQtTq5nQ/4Nnd2A1wj4zA==
@babel/helper-module-imports,7.29.7,MIT,development,,sha512-ejHwrQQYcm9xnTivShn2IDOlIzInN34AXskvq9QicvCtEzq1Vzclu/tKF8Jq1Cg8JG2GL6/EmjgsCT7lXepE3g==
@babel/helper-module-transforms,7.29.7,MIT,development,,sha512-UPUVSyXbOh627KiCIGQSgwWzGeBKLkaJ9PJEdrngIwMSzxLR4jS4+f1f1jb7VzBbg8nFLaYotvVPFCTqdrmTAg==
@babel/helper-plugin-utils,7.29.7,MIT,development,,sha512-G7sHYigPY17oO5SYWnfD/0MTBwVR781S/JI643e/JhUYgVgWE/61SoW3NH9KWUKyKq5LVh3npif99Wkt6j86Jw==
@babel/helper-string-parser,7.29.7,MIT,development,,sha512-Pb5ijPrZ89GDH8223L4UP8i6QApWxs04RbPQJTeWDV0/keR2E36MeKnyr6LYmUUvqRRI+Iv87SuF1W6ErINzYw==
@babel/helper-validator-identifier,7.29.7,MIT,development,,sha512-qehxGkRj55h/ff8EMaJ+cYhyaKlHIxqYDn682wQD7RNp9UujOQsHog2uS0r2vzr4pW+sXf90NeeayjcNaX3fFg==
@babel/helper-validator-option,7.29.7,MIT,development,,sha512-N9ZErrD+yW5geCDtBqnOoxmR8+tNKiGuxKlDpuJxfsqpa2dFcexaziGAE/qoHLiDDreVNMupxGmSoNlyvsA3gw==
@babel/helpers,7.29.7,MIT,development,,sha512-1k2lAGRMfHTcwuNYcCNUmaUffmQv8KWMfh2iJUUeRlwlwH4FdNG7mfPI10NPfLHJFThE4Tyr4mv7kTNZOiPuBg==
@babel/parser,7.29.9,MIT,development,,sha512-CjXrNHTnvqBVqHgdBysY3vk2T8tpJHb5/RMeHJBTyVa9xgugCB0CJTx/3oO8RV2QRQP391RWpB7D6hLjm8V9uA==
@babel/plugin-transform-react-jsx-self,7.29.7,MIT,development,,sha512-TL0hMc9xzy86VD31nUiwzd5otRAcyEPcsegCxolO0PvcXuH1v0kECe/UIznYFihpkvU5wg/jk4v0TTEFfm53fw==
@babel/plugin-transform-react-jsx-source,7.29.7,MIT,development,,sha512-06IyK09H3wi4cGbhDBwp5gUGo0IKtnYa8tyTiephirPCK6fbobVGiXMMI5zLQ4aKEYP3wZ3ArU44o+8KMrSG/Q==
@babel/runtime,7.29.7,MIT,bundled,,sha512-Nq8OhGWiZIZGV6hLHoyAKLLcJihP/xFeBMGJoUrxTX2psI8dCifzLhZISFb+VWS3wFMRDmCGw5R+dOySCqPLhw==
@babel/template,7.29.7,MIT,development,,sha512-puq+Gf35oI24FeN11LkoUQFqv9uwNeWpxXZi/Ji3rRIoKAzKnxRaZ+Gkj0vKS9ZCiTESfng1N9LyOyXvo+m+Gg==
@babel/traverse,7.29.8,MIT,development,,sha512-I5z7H3bf/41ktsNVLtpN0wAa336HkqIHQ5BuPLEhTkt1jVSyZpeNKIzTgEWmlxjdg81R0IgUCcaE+Ok3NvrfZg==
@babel/types,7.29.8,MIT,development,,sha512-Vj1jF3cPfxg7OAfoI7QnVKLoILlm2JF9pnVHrX8qx7AHMiYWT+NDAA7jChlNgRS4WTLc/fD1lXLmPixluj+3Gg==
@csstools/color-helpers,6.1.2,MIT-0,development,,sha512-grhRy3OKmniaAEKXMjua5z/EODX0MSqBGjunw8+j/3HQjOnahs2AGhvEOIYVUWcU6ScApbhLhVrQTX8XqrMrow==
@csstools/css-calc,3.4.1,MIT,development,,sha512-EtC7SoN1j6J4E4DCwg5QgbO5TGxgxIA1RXqe+W+qUM+BUcezx9wT+/tiQ/WO2yCX4i5X+Cuf9ciJ22aP4UEwWw==
@csstools/css-color-parser,4.2.4,MIT,development,,sha512-DyefytAZ735mX4Dq/WcDAXFtXhaEFvme0ZS9tVEBAc2whxUthXr0R0L2rmEPm59SrMBkGrFzQviBXMs/UtnABQ==
@csstools/css-parser-algorithms,4.0.1,MIT,development,,sha512-ShL8BqPfbKJrJiKFH0xBbN0i7Nrh9HXYRuF+pzyj93R/BL2YAsUxJeqANErzqM+0JGl7vjHp+3OIgd/DL69YIA==
@csstools/css-syntax-patches-for-csstree,1.1.14,MIT-0,development,,sha512-HpbVXyrofRXpHpgkNIjU/3EWR4WJvOkO3emNK/L6X/mTJU7bGUI3AkkpoTNXznQLp0KRjLHELTGeKI5dIkI9JQ==
@csstools/css-tokenizer,4.0.2,MIT,development,,sha512-OoKoR0f76dCY666JlcbhmVTs2drYj1GUXZTYTcbUgJjh9Nv41aFfZ21bPQTERm5+L5cBDo466NltB2lplS5GBw==
@esbuild/aix-ppc64,0.25.12,NOASSERTION,development,,sha512-Hhmwd6CInZ3dwpuGTF8fJG6yoWmsToE+vYgD4nytZVxcu1ulHpUQRAB1UJ8+N1Am3Mz4+xOByoQoSZf4D+CpkA==
@esbuild/android-arm,0.25.12,NOASSERTION,development,,sha512-VJ+sKvNA/GE7Ccacc9Cha7bpS8nyzVv0jdVgwNDaR4gDMC/2TTRc33Ip8qrNYUcpkOHUT5OZ0bUcNNVZQ9RLlg==
@esbuild/android-arm64,0.25.12,NOASSERTION,development,,sha512-6AAmLG7zwD1Z159jCKPvAxZd4y/VTO0VkprYy+3N2FtJ8+BQWFXU+OxARIwA46c5tdD9SsKGZ/1ocqBS/gAKHg==
@esbuild/android-x64,0.25.12,NOASSERTION,development,,sha512-5jbb+2hhDHx5phYR2By8GTWEzn6I9UqR11Kwf22iKbNpYrsmRB18aX/9ivc5cabcUiAT/wM+YIZ6SG9QO6a8kg==
@esbuild/darwin-arm64,0.25.12,NOASSERTION,development,,sha512-N3zl+lxHCifgIlcMUP5016ESkeQjLj/959RxxNYIthIg+CQHInujFuXeWbWMgnTo4cp5XVHqFPmpyu9J65C1Yg==
@esbuild/darwin-x64,0.25.12,NOASSERTION,development,,sha512-HQ9ka4Kx21qHXwtlTUVbKJOAnmG1ipXhdWTmNXiPzPfWKpXqASVcWdnf2bnL73wgjNrFXAa3yYvBSd9pzfEIpA==
@esbuild/freebsd-arm64,0.25.12,NOASSERTION,development,,sha512-gA0Bx759+7Jve03K1S0vkOu5Lg/85dou3EseOGUes8flVOGxbhDDh/iZaoek11Y8mtyKPGF3vP8XhnkDEAmzeg==
@esbuild/freebsd-x64,0.25.12,NOASSERTION,development,,sha512-TGbO26Yw2xsHzxtbVFGEXBFH0FRAP7gtcPE7P5yP7wGy7cXK2oO7RyOhL5NLiqTlBh47XhmIUXuGciXEqYFfBQ==
@esbuild/linux-arm,0.25.12,NOASSERTION,development,,sha512-lPDGyC1JPDou8kGcywY0YILzWlhhnRjdof3UlcoqYmS9El818LLfJJc3PXXgZHrHCAKs/Z2SeZtDJr5MrkxtOw==
@esbuild/linux-arm64,0.25.12,NOASSERTION,development,,sha512-8bwX7a8FghIgrupcxb4aUmYDLp8pX06rGh5HqDT7bB+8Rdells6mHvrFHHW2JAOPZUbnjUpKTLg6ECyzvas2AQ==
@esbuild/linux-ia32,0.25.12,NOASSERTION,development,,sha512-0y9KrdVnbMM2/vG8KfU0byhUN+EFCny9+8g202gYqSSVMonbsCfLjUO+rCci7pM0WBEtz+oK/PIwHkzxkyharA==
@esbuild/linux-loong64,0.25.12,NOASSERTION,development,,sha512-h///Lr5a9rib/v1GGqXVGzjL4TMvVTv+s1DPoxQdz7l/AYv6LDSxdIwzxkrPW438oUXiDtwM10o9PmwS/6Z0Ng==
@esbuild/linux-mips64el,0.25.12,NOASSERTION,development,,sha512-iyRrM1Pzy9GFMDLsXn1iHUm18nhKnNMWscjmp4+hpafcZjrr2WbT//d20xaGljXDBYHqRcl8HnxbX6uaA/eGVw==
@esbuild/linux-ppc64,0.25.12,NOASSERTION,development,,sha512-9meM/lRXxMi5PSUqEXRCtVjEZBGwB7P/D4yT8UG/mwIdze2aV4Vo6U5gD3+RsoHXKkHCfSxZKzmDssVlRj1QQA==
@esbuild/linux-riscv64,0.25.12,NOASSERTION,development,,sha512-Zr7KR4hgKUpWAwb1f3o5ygT04MzqVrGEGXGLnj15YQDJErYu/BGg+wmFlIDOdJp0PmB0lLvxFIOXZgFRrdjR0w==
@esbuild/linux-s390x,0.25.12,NOASSERTION,development,,sha512-MsKncOcgTNvdtiISc/jZs/Zf8d0cl/t3gYWX8J9ubBnVOwlk65UIEEvgBORTiljloIWnBzLs4qhzPkJcitIzIg==
@esbuild/linux-x64,0.25.12,MIT,development,,sha512-uqZMTLr/zR/ed4jIGnwSLkaHmPjOjJvnm6TVVitAa08SLS9Z0VM8wIRx7gWbJB5/J54YuIMInDquWyYvQLZkgw==
@esbuild/netbsd-arm64,0.25.12,NOASSERTION,development,,sha512-xXwcTq4GhRM7J9A8Gv5boanHhRa/Q9KLVmcyXHCTaM4wKfIpWkdXiMog/KsnxzJ0A1+nD+zoecuzqPmCRyBGjg==
@esbuild/netbsd-x64,0.25.12,NOASSERTION,development,,sha512-Ld5pTlzPy3YwGec4OuHh1aCVCRvOXdH8DgRjfDy/oumVovmuSzWfnSJg+VtakB9Cm0gxNO9BzWkj6mtO1FMXkQ==
@esbuild/openbsd-arm64,0.25.12,NOASSERTION,development,,sha512-fF96T6KsBo/pkQI950FARU9apGNTSlZGsv1jZBAlcLL1MLjLNIWPBkj5NlSz8aAzYKg+eNqknrUJ24QBybeR5A==
@esbuild/openbsd-x64,0.25.12,NOASSERTION,development,,sha512-MZyXUkZHjQxUvzK7rN8DJ3SRmrVrke8ZyRusHlP+kuwqTcfWLyqMOE3sScPPyeIXN/mDJIfGXvcMqCgYKekoQw==
@esbuild/openharmony-arm64,0.25.12,NOASSERTION,development,,sha512-rm0YWsqUSRrjncSXGA7Zv78Nbnw4XL6/dzr20cyrQf7ZmRcsovpcRBdhD43Nuk3y7XIoW2OxMVvwuRvk9XdASg==
@esbuild/sunos-x64,0.25.12,NOASSERTION,development,,sha512-3wGSCDyuTHQUzt0nV7bocDy72r2lI33QL3gkDNGkod22EsYl04sMf0qLb8luNKTOmgF/eDEDP5BFNwoBKH441w==
@esbuild/win32-arm64,0.25.12,NOASSERTION,development,,sha512-rMmLrur64A7+DKlnSuwqUdRKyd3UE7oPJZmnljqEptesKM8wx9J8gx5u0+9Pq0fQQW8vqeKebwNXdfOyP+8Bsg==
@esbuild/win32-ia32,0.25.12,NOASSERTION,development,,sha512-HkqnmmBoCbCwxUKKNPBixiWDGCpQGVsrQfJoVGYLPT41XWF8lHuE5N6WhVia2n4o5QK5M4tYr21827fNhi4byQ==
@esbuild/win32-x64,0.25.12,NOASSERTION,development,,sha512-alJC0uCZpTFrSL0CCDjcgleBXPnCrEAhTBILpeAp7M/OFgoqtAetfBzX0xM00MUsVVPpVjlPuMbREqnZCXaTnA==
@eslint-community/eslint-utils,4.10.1,MIT,development,,sha512-cuadcxVFE8sDK6iWJbs8Sn0av2Nrh2QSGQhVlBW9AaAHqHwjWsZHT8LJ4hFGPh7ASBV2deFdM7H/DPjulmh8rg==
@eslint-community/regexpp,4.12.2,MIT,development,,sha512-EriSTlt5OC9/7SXkRSCAhfSxxoSUgBm33OH+IkwbdpgoqsSsUg7y3uh+IICI/Qg4BBWr3U2i39RpmycbxMq4ew==
@eslint/config-array,0.23.5,Apache-2.0,development,,sha512-Y3kKLvC1dvTOT+oGlqNQ1XLqK6D1HU2YXPc52NmAlJZbMMWDzGYXMiPRJ8TYD39muD/OTjlZmNJ4ib7dvSrMBA==
@eslint/config-helpers,0.5.5,Apache-2.0,development,,sha512-eIJYKTCECbP/nsKaaruF6LW967mtbQbsw4JTtSVkUQc9MneSkbrgPJAbKl9nWr0ZeowV8BfsarBmPpBzGelA2w==
@eslint/core,1.2.1,Apache-2.0,development,,sha512-MwcE1P+AZ4C6DWlpin/OmOA54mmIZ/+xZuJiQd4SyB29oAJjN30UW9wkKNptW2ctp4cEsvhlLY/CsQ1uoHDloQ==
@eslint/object-schema,3.0.5,Apache-2.0,development,,sha512-vqTaUEgxzm+YDSdElad6PiRoX4t8VGDjCtt05zn4nU810UIx/uNEV7/lZJ6KwFThKZOzOxzXy48da+No7HZaMw==
@eslint/plugin-kit,0.6.1,Apache-2.0,development,,sha512-iH1B076HoAshH1mLpHMgwdGeTs0CYwL0SPMkGuSebZrwBp16v415e9NZXg2jtrqPVQjf6IANe2Vtlr5KswtcZQ==
@fastify/accept-negotiator,2.1.0,MIT,runtime,,sha512-F3EVbzWt+xcnVaOHmWyIlpuFtbxOln7HDZQsh09MtMmMm/CipMayNt8hnIL8VQi54u2ZociDbf+iluGYkf7B1A==
@fastify/ajv-compiler,4.0.6,MIT,runtime,,sha512-NtuzM0SfaMJbGlnjr9LWQUN5LzgSrbB8tf/wRZNas+4E1O/Nmzl53e7ruT61HDZyRCJGC6FxIogmNZO1c5ETBA==
@fastify/cookie,11.0.2,MIT,runtime,apps/api,sha512-GWdwdGlgJxyvNv+QcKiGNevSspMQXncjMZ1J8IvuDQk0jvkzgWWZFNC2En3s+nHndZBGV8IbLwOI/sxCZw/mzA==
@fastify/error,4.2.0,MIT,runtime,,sha512-RSo3sVDXfHskiBZKBPRgnQTtIqpi/7zhJOEmAxCiBcM7d0uwdGdxLlsCaLzGs8v8NnxIRlfG0N51p5yFaOentQ==
@fastify/fast-json-stringify-compiler,5.1.0,MIT,runtime,,sha512-PxcYtKLbQ8Z+yApiqjK8FwxIwvEj38k2OiLc17u8dkJSlmfi2wHHPaSnaoqBPQqtvF8YVsDgDpP2snDCfFrpfw==
@fastify/forwarded,3.0.2,MIT,runtime,,sha512-NE8HgKLgYejV9lDpqkEFaDKMLYelJBVfHekhB0UKvX0ghagXRJqg68feg8er1NPXxG4N9i6vPxzt8E+3wHfcmA==
@fastify/helmet,13.0.2,MIT,runtime,apps/api,sha512-tO1QMkOfNeCt9l4sG/FiWErH4QMm+RjHzbMTrgew1DYOQ2vb/6M1G2iNABBrD7Xq6dUk+HLzWW8u+rmmhQHifA==
@fastify/merge-json-schemas,0.2.1,MIT,runtime,,sha512-OA3KGBCy6KtIvLf8DINC5880o5iBlDX4SxzLQS8HorJAbqluzLRn80UXU0bxZn7UOFhFgpRJDasfwn9nG4FG4A==
@fastify/proxy-addr,5.1.1,MIT,runtime,,sha512-zv07Y9GEuDsJPegZoDFd4SDWaZOW8N2pa0GSrYmKpId/tjt1Hgo3BjZBVjdVpfVrHaA+Qv5jawtS2O50J5xM9g==
@fastify/rate-limit,10.3.0,MIT,runtime,apps/api,sha512-eIGkG9XKQs0nyynatApA3EVrojHOuq4l6fhB4eeCk4PIOeadvOJz9/4w3vGI44Go17uaXOWEcPkaD8kuKm7g6Q==
@fastify/send,4.1.1,MIT,runtime,,sha512-BYo+EiaKwlxH+WetGk6hAs1d39iP0y1gqB8lGF/qwkJ9ZZ/cBY1vx5NvExb9Sc3yRMFjD5X4Eyh4e4+TzRkzdw==
@fastify/static,8.2.0,MIT,runtime,apps/api,sha512-PejC/DtT7p1yo3p+W7LiUtLMsV8fEvxAK15sozHy9t8kwo5r0uLYmhV/inURmGz1SkHZFz/8CNtHLPyhKcx4SQ==
@fontsource/ibm-plex-sans,5.2.6,OFL-1.1,bundled,apps/web,sha512-yclktpagJncROwdWHHEfPsrIfoo3uiIeDFchvmjNmTW/YMBfLYWJnUv19EAqPNhGizdtmcH9FjzOR2094Z2uPg==
@fontsource/ibm-plex-sans-arabic,5.2.6,OFL-1.1,bundled,apps/web,sha512-bC8hGRCdPIs60kMRLGDPkoGT7G5oeOYaxqMo8pFi64JV8WO1B60TJtOdhTC4LqLQWwyLda872wbmq0sNm0C6ow==
@humanfs/core,0.19.2,Apache-2.0,development,,sha512-UhXNm+CFMWcbChXywFwkmhqjs3PRCmcSa/hfBgLIb7oQ5HNb1wS0icWsGtSAUNgefHeI+eBrA8I1fxmbHsGdvA==
@humanfs/node,0.16.8,Apache-2.0,development,,sha512-gE1eQNZ3R++kTzFUpdGlpmy8kDZD/MLyHqDwqjkVQI0JMdI1D51sy1H958PNXYkM2rAac7e5/CnIKZrHtPh3BQ==
@humanfs/types,0.15.0,Apache-2.0,development,,sha512-ZZ1w0aoQkwuUuC7Yf+7sdeaNfqQiiLcSRbfI08oAxqLtpXQr9AIVX7Ay7HLDuiLYAaFPu8oBYNq/QIi9URHJ3Q==
@humanwhocodes/module-importer,1.0.1,Apache-2.0,development,,sha512-bxveV4V8v5Yb4ncFTT3rPSgZBOpCkjfK0y4oVVVJwIuDVBRMDXrPyXRL988i5ap9m9bnyEEjWfm5WkBmtffLfA==
@humanwhocodes/retry,0.4.3,Apache-2.0,development,,sha512-bV0Tgo9K4hfPCek+aMAn81RppFKv2ySDQeMoSZuvTASywNTnVJCArCZE2FWqpvIatKu7VMRLWlR1EazvVhDyhQ==
@isaacs/cliui,9.0.0,BlueOak-1.0.0,runtime,,sha512-AokJm4tuBHillT+FpMtxQ60n8ObyXBatq7jD2/JA9dxbDDokKQm8KMht5ibGzLVU9IJDIKK4TPKgMHEYMn3lMg==
@jridgewell/gen-mapping,0.3.13,MIT,development,,sha512-2kkt/7niJ6MgEPxF0bYdQ6etZaA+fQvDcLKckhy1yIQOzaoKjBBjSj63/aLVjYE3qhRt5dvM+uUyfCg6UKCBbA==
@jridgewell/remapping,2.3.5,MIT,development,,sha512-LI9u/+laYG4Ds1TDKSJW2YPrIlcVYOwi2fUC6xB43lueCjgxV4lffOCZCtYFiH6TNOX+tQKXx97T4IKHbhyHEQ==
@jridgewell/resolve-uri,3.1.2,MIT,development,,sha512-bRISgCIjP20/tbWSPWMEi54QVPRZExkuD9lJL+UIxUKtwVJA8wW1Trb1jMs1RFXo1CBTNZ/5hpC9QvmKWdopKw==
@jridgewell/sourcemap-codec,1.6.0,MIT,development,,sha512-T7jf+5zgsZHwNJ4lvQ7/aezbyk0nNX+zJVWpmHA7VYsEx7a7qr5Rg5IbtJFqkgze5Y2sruq1RUY8Q837Od7iFw==
@jridgewell/trace-mapping,0.3.31,MIT,development,,sha512-zzNR+SdQSDJzc8joaeP8QQoCQr8NuYx2dIIytl1QeBEZHJ9uW6hebsrYgbz8hJwUQao3TWCMtmfV8Nu1twOLAw==
@jsdevtools/ono,7.1.3,MIT,development,,sha512-4JQNk+3mVzK3xh2rqd6RB4J46qUR19azEHBneZyTZM+c456qOrbbM/5xcR8huNCCcbVt7+UmizG6GuUvPvKUYg==
@lukeed/ms,2.0.2,MIT,runtime,,sha512-9I2Zn6+NJLfaGoz9jN3lpwDgAYvfGeNYdbAIjJOqzs4Tpc+VU3Jqq4IofSUBKajiDS8k9fZIg18/z13mpk1bsA==
@napi-rs/lzma-linux-x64-gnu,1.5.1,MIT,development,,sha512-oTXEIha4SsuXdTA4Iyskj0kpdx2yVXdhd75c2v3xGrHFfVMsbhTPZU/nMPL4sWKo4pBHm3aucLaqGlF696dTyQ==
@pinojs/redact,0.4.0,MIT,runtime,,sha512-k2ENnmBugE/rzQfEcdWHcCY+/FM3VLzH9cYEsbdsoqrvzAKRhUZeRNhAZvB8OitQJ1TBed3yqWtdjzS6wJKBwg==
@playwright/test,1.56.1,Apache-2.0,development,(root) (dev),sha512-vSMYtL/zOcFpvJCW71Q/OEGQb7KYBPAdKh35WNSkaZA75JlAO8ED8UN6GUNTm3drWomcbcqRPFqQbLae8yBTdg==
@rolldown/pluginutils,1.0.0-beta.38,MIT,development,,sha512-N/ICGKleNhA5nc9XXQG/kkKHJ7S55u0x0XUJbbkmdCnFuoRkM1Il12q9q0eX19+M7KKUEPw/daUPIRnxhcxAIw==
@rollup/rollup-android-arm-eabi,4.63.5,NOASSERTION,development,,sha512-J25QJU+B78T4FhhBsNpLJyVWOi31mwtpcMwywHmOKH65Q9IWGA81gPj+dnwlhU8wktVriYE+tFAaQgrnJRzAZg==
@rollup/rollup-android-arm64,4.63.5,NOASSERTION,development,,sha512-LDopB3zuZM5Ux9TT2luNEBJW/tYbGU2g1d+VpKk6I+gSKDb+/7sYE6M225gRQt4RbMX6MSwMsVR/phdjVUgRLg==
@rollup/rollup-darwin-arm64,4.63.5,NOASSERTION,development,,sha512-wlJEERGfeuHeBavCL2qVnNacOK43NDoZM4sjkeRPymd04OAE9T1zBqDJgmZ+CIsPTYKwdzpUC8vmOw84dwY4Tg==
@rollup/rollup-darwin-x64,4.63.5,NOASSERTION,development,,sha512-4nJJGg5jbo2wwPP4JP+LfEBA3bvP8rU9CLuhp7jWvq9sxEyhjQFTFdrqi+/dHEin/pd8jpT0vcehIpnZtmEdcQ==
@rollup/rollup-freebsd-arm64,4.63.5,NOASSERTION,development,,sha512-DrZbyCDF1hneuO6jRbvZ2D7+PIBM6yIwYnJpg2vIk58T+wuFpiaGZrfUr59lDWw45bg+IrpTGLPiNi/Fk4w3Cg==
@rollup/rollup-freebsd-x64,4.63.5,NOASSERTION,development,,sha512-gqfUVMJMB3mehqywxp6hTBFfgtMQykZY19+cfiaYP0toIJLb/1DZRJHVkQQGP13W4TAwfZDWeg1qBcheTRioXQ==
@rollup/rollup-linux-arm-gnueabihf,4.63.5,NOASSERTION,development,,sha512-CFmhpvAwzSaWMlN3VN7UtmoTihlZNzoP0juQib5TQRnYUyDV8dXeWOp29sobWAT6gXl/hQgAClLlEiYozQG3OQ==
@rollup/rollup-linux-arm-musleabihf,4.63.5,NOASSERTION,development,,sha512-Uc9H8eXCOayV6JLTH5bXKMId6qbhNHa818/BgYjm4jrlq3vZquC9cqyvHBw17xy5Mnj5f+I3gFK5JcEf3hSqrw==
@rollup/rollup-linux-arm64-gnu,4.63.5,NOASSERTION,development,,sha512-VcPr/szv/1BFw112Kt//fxulXt/JPqzzidU84iW68L2DdjnOO8QFUv2zTSYBEPHD6movBD4z+bbr5y60GYM7Jw==
@rollup/rollup-linux-arm64-musl,4.63.5,NOASSERTION,development,,sha512-BnxtJ5/91BrIHYIkGrmjz/lbMhqEHt1dPFqIxIFR+jPn0xVc/oUSCtIT089zfp5ufwGDlYz2UC+Fe1SRBpYFbQ==
@rollup/rollup-linux-loong64-gnu,4.63.5,NOASSERTION,development,,sha512-LrYcHZwF+fAMNKHYTOQ5osWM4AZF7YF6D+XtsjDyEvljtt11twc+zHVXBLNEjxVSUnKYsOhvVz4Z213eW02COQ==
@rollup/rollup-linux-loong64-musl,4.63.5,NOASSERTION,development,,sha512-nj7QKQePAAUpCpJHtg0pR0W/b92A9NO17JS3BAQmHDn/yhmkir2p8llrKY9TOhleKIaSzy1JhxS3T9FVld6coA==
@rollup/rollup-linux-ppc64-gnu,4.63.5,NOASSERTION,development,,sha512-5ylkX6dWMeBKge9nTU+Rxfb+ZfaCIJ9lRqIFaK0eAMcWp7OJbYnLveLgXmm0VrvuLKb8qIK+mHyH0qu88RM+iA==
@rollup/rollup-linux-ppc64-musl,4.63.5,NOASSERTION,development,,sha512-oHK4ZHYFDKjZviK34I+NwgfbGxgI7ztrNxj2hPTSSNFgeq1a/lEd7dHV2fdGAuTH4Iym3RHJg+vAbWaWG4B7Zg==
@rollup/rollup-linux-riscv64-gnu,4.63.5,NOASSERTION,development,,sha512-UcetmHZ6XOXuUByiKZyQmb55ZPr0LABr3Ec/HB9wKZn6CEAFWZkE+hsJErJ9hbPBC7nI0dKuELx7CoV6IM7TMg==
@rollup/rollup-linux-riscv64-musl,4.63.5,NOASSERTION,development,,sha512-C5CmDPQBtvjVo8cgQsBs+w6WB0JLkiixhgi6hVLV11hERWdn/p0XcPU2OUcZzac9BPOFq7SbaHFa8r3SWEysCQ==
@rollup/rollup-linux-s390x-gnu,4.63.5,NOASSERTION,development,,sha512-lHVQHJFKsuuxLMi3MQO9XVL8Tje3JR82CzB+QDKC5NWBcsIWuwsn9uIM5e3lBhI+fF1/s63qnyYqsg65+8rV/w==
@rollup/rollup-linux-x64-gnu,4.63.5,MIT,development,,sha512-3W9bTFcQNJn71cSJVM9RKIiZOy8DO/XLDii8Uv/Pm6WKqDRj7JV3ZfuXIEfyuy5LXpIzAbB/1M4Ukp9GKNa7nA==
@rollup/rollup-linux-x64-musl,4.63.5,NOASSERTION,development,,sha512-VDC7rRJlee/scpki96GZ27Omf6yU87s1YXwVTpjE5841faVlDYYT565rgfmoR1U0sqL7z5ivQSDjcsF6VRXyBA==
@rollup/rollup-openbsd-x64,4.63.5,NOASSERTION,development,,sha512-z86Ok2p4pTdv5xqCKZsTooO7yBEiaJR/HzU3Wx8RmWsPoLppnMKROhJusQob8B3IE1ghC343kUW9rC2r+Wf3ig==
@rollup/rollup-openharmony-arm64,4.63.5,NOASSERTION,development,,sha512-IzQmj+xXwQFGhMAMKMQVXkMwMZN3TqkJgAE0nSsqvVwWWciP4AIPMmWRqOQ2GfX7TUDZr+xqGFcBS36CRPGw0g==
@rollup/rollup-win32-arm64-msvc,4.63.5,NOASSERTION,development,,sha512-F6qpTaPc9bwBH85kjy0/BLmLSW1uv7AoOXCoRIkg2arlgCYlWYcAbiMkvZuAcaWk9TpCRG//okznLAqLGshkMw==
@rollup/rollup-win32-ia32-msvc,4.63.5,NOASSERTION,development,,sha512-igoDsTFhhwECBeGbUuLeIk7t8Y1apa+cs6mDWpx2EZ0ch7oEQgzHbFUXN9euoHekCAQzXdXApAGkV6jznS7tWw==
@rollup/rollup-win32-x64-gnu,4.63.5,NOASSERTION,development,,sha512-U3teMeMbXFmaM5D+OTJpsOXd+wV/qftIeYF9kBKL4v73641qyJmoXFtA28DQLsnmlyayEsTe72xpLHrArq6vHw==
@rollup/rollup-win32-x64-msvc,4.63.5,NOASSERTION,development,,sha512-ypfC34F3RKXvCXBglGqGMsUSMKlgwd1HX9AOAlx9RoZZ6GaI42YHVeKpzg3JG+wpBUJYTG+NNZhqbDWL8tBZkw==
@tanstack/query-core,5.90.2,MIT,bundled,,sha512-k/TcR3YalnzibscALLwxeiLUub6jN5EDLwKDiO7q5f4ICEoptJ+n9+7vcEFy5/x/i6Q+Lb/tXrsKCggf5uQJXQ==
@tanstack/react-query,5.90.2,MIT,bundled,apps/web,sha512-CLABiR+h5PYfOWr/z+vWFt5VsOA2ekQeRQBFSKlcoW6Ndx/f8rfyVmq4LbgOM4GG2qtxAxjLYLOpCNTYm4uKzw==
@tanstack/react-table,8.21.3,MIT,bundled,apps/web,sha512-5nNMTSETP4ykGegmVkhjcS8tTLW6Vl4axfEGQN3v0zdHYbK4UfoqfPChclTrJ4EoK9QynqAu9oUf8VEmrpZ5Ww==
@tanstack/table-core,8.21.3,MIT,bundled,,sha512-ldZXEhOBb8Is7xLs01fR3YEc3DERiz5silj8tnGkFZytt1abEvl/GhUmCE0PMLaMPTa3Jk4HbKmRlHmu+gCftg==
@testing-library/dom,10.4.1,MIT,development,apps/web (dev),sha512-o4PXJQidqJl82ckFaXUeoAW+XysPLauYI43Abki5hABd853iMhitooc6znOnczgbTYmEP6U6/y1ZyKAIsvMKGg==
@testing-library/react,16.3.0,MIT,development,apps/web (dev),sha512-kFSyxiEDwv1WLl2fgsq6pPBbw5aWKrsY2/noi1Id0TK0UParSF62oFQFGHXIyaG4pp2tEub/Zlel+fjjZILDsw==
@types/aria-query,5.0.4,MIT,development,,sha512-rfT93uj5s0PRL7EzccGMs3brplhcrghnDoV26NqKhCAS1hVo+WdNsPvE/yb6ilfr5hi2MEk6d5EWJTKdxg8jVw==
@types/babel__core,7.20.5,MIT,development,,sha512-qoQprZvz5wQFJwMDqeseRXWv3rqMvhgpbXFfVyWhbx9X47POIA6i/+dXefEmZKoAgOaTdaIgNSMqMIU61yRyzA==
@types/babel__generator,7.27.0,MIT,development,,sha512-ufFd2Xi92OAVPYsy+P4n7/U7e68fex0+Ee8gSG9KX7eo084CWiQ4sdxktvdl0bOPupXtVJPY19zk6EwWqUQ8lg==
@types/babel__template,7.4.4,MIT,development,,sha512-h/NUaSyG5EyxBIp8YRxo4RMe2/qQgvyowRwVMzhYhBCONbW8PUsg4lkFMrhgZhUe5z3L3MiLDuvyJ/CaPa2A8A==
@types/babel__traverse,7.28.0,MIT,development,,sha512-8PvcXf70gTDZBgt9ptxJ8elBeBjcLOAcOtoO/mPJjtji1+CdGbHgm77om1GrsPxsiE+uXIpNSK64UYaIwQXd4Q==
@types/chai,5.2.3,MIT,development,,sha512-Mw558oeA9fFbv65/y4mHtXDs9bPnFMZAL/jxdPFUpOHHIXX91mcgEHbS5Lahr+pwZFR8A7GQleRWeI6cGFC2UA==
@types/deep-eql,4.0.2,MIT,development,,sha512-c9h9dVVMigMPc4bwTvC5dxqtqJZwQPePsWjPlpSOnojbor6pGqdk541lfA7AqFQr5pB1BRdq0juY9db81BwyFw==
@types/esrecurse,4.3.1,MIT,development,,sha512-xJBAbDifo5hpffDBuHl0Y8ywswbiAp/Wi7Y/GtAgSlZyIABppyurxVueOPE8LUQOxdlgi6Zqce7uoEpqNTeiUw==
@types/estree,1.0.9,MIT,development,,sha512-GhdPgy1el4/ImP05X05Uw4cw2/M93BCUmnEvWZNStlCzEKME4Fkk+YpoA5OiHNQmoS7Cafb8Xa3Pya8m1Qrzeg==
@types/json-schema,7.0.15,MIT,development,,sha512-5+fP8P8MFNC+AyZCDxrB2pkZFPGzqQWUzpSeuuVLvm8VMcorNYavBqoFcxK8bQz4Qsbn4oUEEem4wDLfcysGHA==
@types/node,22.18.0,MIT,development,(root) (dev),sha512-m5ObIqwsUp6BZzyiy4RdZpzWGub9bqLJMvZDD0QMXhxjqMHMENlj+SqF5QxoUwaQNFe+8kz8XM8ZQhqkQPTgMQ==
@types/pg,8.15.5,MIT,development,apps/api (dev); apps/worker (dev); packages/db (dev),sha512-LF7lF6zWEKxuT3/OR8wAZGzkg4ENGXFNyiV/JeOt9z5B+0ZVwbql9McqX5c/WStFq1GaGso7H1AzP/qSzmlCKQ==
@types/react,19.2.2,MIT,development,apps/web (dev),sha512-6mDvHUFSjyT2B2yeNx2nUgMxh9LtOWvkhIU3uePn2I2oyNymUAX1NIsdgviM4CH+JSrp2D2hsMvJOkxY+0wNRA==
@types/react-dom,19.2.1,MIT,development,apps/web (dev),sha512-/EEvYBdT3BflCWvTMO7YkYBHVE9Ci6XdqZciZANQgKpaiDRGOLIlRo91jbTNRQjgPFWVaRxcYc0luVNFitz57A==
@typescript-eslint/eslint-plugin,8.71.0,MIT,development,,sha512-pqcS9c1HxZTHt7End4nXqd0s5lJrrFzrgCkKFJrsbUnaL6M3+6oBFZaslg6Gjsl3argl2DDRFROnXARaZ2e4Nw==
@typescript-eslint/parser,8.71.0,MIT,development,,sha512-CG4nPk1f2zc8yw4pALqHsFYH2hdo+h1T9daSp21+Hnxi9LOE3GT9hAfTKJCBXVNM2GmYs1eMEP615wPoeOgk3A==
@typescript-eslint/project-service,8.71.0,MIT,development,,sha512-aABjw5rjBacYONVPaPiWOCjJu0vEF4a25iQuodlmQYL1trtLZ0X/y+2Vzl3BKI1odM4LnwLE1oUDXYp1wzx1TQ==
@typescript-eslint/scope-manager,8.71.0,MIT,development,,sha512-gWF0BhUcnjZxSpLE8ngS/59n2SB0J3YqRxvX1+2aoRJk9hNtHSLOV+TcarFiOr5ipXm3yc1QrI4c9YZc8zyCxw==
@typescript-eslint/tsconfig-utils,8.71.0,MIT,development,,sha512-Z1UlWHADEK2Mlb9NpWfDeSjqoZ5EyrOv4R3eQpbkzqn/EwaIdOpXXupEA1+0ZIOSJSZZDBHG0BrQyN8zUG6Pwg==
@typescript-eslint/type-utils,8.71.0,MIT,development,,sha512-i8uO1qbdxeKgRnS5sCRt6On3/nfo2d2DwQe3Yvjx543zLy7r8ySqRuPPiIIXAhS03U0v5NfAFx+rUgxFzKKwNw==
@typescript-eslint/types,8.71.0,MIT,development,,sha512-cJ4OoxPGWvFnBTnSZyaU+qJzGTqPTGJY+gDchj6cRyLRdmIdt4rcsE4twj+zPfrNiWuVi38wijHzShL++Z9atQ==
@typescript-eslint/typescript-estree,8.71.0,MIT,development,,sha512-PEEF4G5sLLWAS5BpPrUvms4ySZkiBQQZM4z+3ReI46axK5Vqr/vXBQatJQIZZOYdGyPUAKTtsrWzpqKuU+3DEw==
@typescript-eslint/utils,8.71.0,MIT,development,,sha512-pKR/tEMVrXZG23UFKUn5BQf3zfmfk7KQceI2cGzywZ5nxM5Eu3hEJU1utjWzydtzBbcJAQhHN8iPCxobHpPcZQ==
@typescript-eslint/visitor-keys,8.71.0,MIT,development,,sha512-8eQ9R218XORK+KLosnf4bu/QsUXvUyVwTbArg7/0NMB1Pu87OJKvj4nhFblkYE8gQV73mW1dx1ptlPCkwRGa7A==
@vitejs/plugin-react,5.0.4,MIT,development,apps/web (dev),sha512-La0KD0vGkVkSk6K+piWDKRUyg8Rl5iAIKRMH0vMJI0Eg47bq1eOxmoObAaQG37WMW9MSyk7Cs8EIWwJC1PtzKA==
@vitest/expect,3.2.4,MIT,development,,sha512-Io0yyORnB6sikFlt8QW5K7slY4OjqNX9jmJQ02QDda8lyM6B5oNgVWoSoKPac8/kgnCUzuHQKrSLtu/uOqqrig==
@vitest/mocker,3.2.4,MIT,development,,sha512-46ryTE9RZO/rfDd7pEqFl7etuyzekzEhUbTW3BvmeO/BcCMEgq59BKhek3dXDWgAj4oMK6OZi+vRr1wPW6qjEQ==
@vitest/pretty-format,3.2.4,MIT,development,,sha512-IVNZik8IVRJRTr9fxlitMKeJeXFFFN0JaB9PHPGQ8NKQbGpfjlTx9zO4RefN8gp7eqjNy8nyK3NZmBzOPeIxtA==
@vitest/pretty-format,3.2.7,MIT,development,,sha512-KUHlwqVu0sRlhCdyPdQ/wBoTfRahjUky1MubOmYw9fWfIZy1gNoHpuaaQBPAaMaVYdQYHJLurzj8ECCj5OwTqA==
@vitest/runner,3.2.4,MIT,development,,sha512-oukfKT9Mk41LreEW09vt45f8wx7DordoWUZMYdY/cyAk7w5TWkTRCNZYF7sX7n2wB7jyGAl74OxgwhPgKaqDMQ==
@vitest/snapshot,3.2.4,MIT,development,,sha512-dEYtS7qQP2CjU27QBC5oUOxLE/v5eLkGqPE0ZKEIDGMs4vKWe7IjgLOeauHsR0D5YuuycGRO5oSRXnwnmA78fQ==
@vitest/spy,3.2.4,MIT,development,,sha512-vAfasCOe6AIK70iP5UD11Ac4siNUNJ9i/9PZ3NKx07sG6sUxeag1LWdNrMWeKKYBLlzuK+Gn65Yd5nyL6ds+nw==
@vitest/utils,3.2.4,MIT,development,,sha512-fB2V0JFrQSMsCo9HiSq3Ezpdv4iYaXRG1Sx8edX3MwxfyNn83mKiGzOcH+Fkxt4MHxr3y42fQi1oeAInqgX2QA==
abstract-logging,2.0.1,MIT,runtime,,sha512-2BjRTZxTPvheOvGbBslFSYOUkr+SjPtOnrLP33f+VIWLzezQpZcqVg7ja3L4dBXmzzgwT+a029jRx5PCi3JuiA==
acorn,8.18.0,MIT,development,,sha512-lGq+9yr1/GuAWaVYIHRjvvySG5/4VfKIvC8EWxStPdcDh/Ka7FG3twP6v4d5BkravUilhIAsG4Qj83t02LWUPQ==
acorn-jsx,5.3.2,MIT,development,,sha512-rq9s+JNhf0IChjtDXxllJ7g41oZk5SlXtp0LHwyA5cejwn7vKmKp4pPri6YEePv2PU65sAsegbXtIinmDFDXgQ==
agent-base,7.1.4,MIT,development,,sha512-MnA+YT8fwfJPgBx3m60MNqakm30XOkyIoH1y6huTQvC0PwZG7ki8NacLBcrPbNoo8vEZy7Jpuk7+jMO+CUovTQ==
ajv,6.15.0,MIT,development,,sha512-fgFx7Hfoq60ytK2c7DhnF8jIvzYgOMxfugjLOSMHjLIPgenqa7S7oaagATUq99mV6IYvN2tRmC0wnTYX6iPbMw==
ajv,8.17.1,MIT,runtime,apps/api,sha512-B/gBuNg5SiMTrPkC+A2+cW0RszwxYmn6VYxB/inlBStS5nx6xHIt/ehKRhIMhqusl7a8LjQoZnjCs5vhwxOQ1g==
ajv-draft-04,1.0.0,MIT,development,,sha512-mv00Te6nmYbRp5DCwclxtt7yV/joXJPGS7nM+97GdxvuttCOfgI3K4U25zboyeX0O+myI8ERluxQe5wljMmVIw==
ajv-formats,3.0.1,MIT,runtime,apps/api,sha512-8iUql50EUR+uUcdRQ3HDqa6EVyo3docL8g5WJ3FNcWmu62IbkGUue/pEyLBW8VGKKucTPgqeks4fIU1DA4yowQ==
ansi-regex,5.0.1,MIT,development,,sha512-quJQXlTSUGL2LH9SUXo8VwsY4soanhgo6LNSm84E1LBcE8s3O0wpdiRzyR9z/ZZJMlMWv37qOOb9pdJlMUEKFQ==
ansi-styles,5.2.0,MIT,development,,sha512-Cxwpt2SfTzTtXcfOlzGEee8O+c+MmUgGrNiBcXnuWxuFJHe6a5Hz7qwhwe5OgaSYI0IJvkLqWX1ASG+cJOkEiA==
argparse,2.0.1,Python-2.0,development,,sha512-8+9WqebbFzpX9OR+Wa6O29asIogeRMzcGtAINdpMHHyAg10f05aSFVBbcEqGf/PXw1EjAZ+q2/bEBg3DvurK3Q==
aria-query,5.3.0,Apache-2.0,development,,sha512-b0P0sZPKtyu8HkeRAfCq0IfURZK+SuwMjY1UXGBU27wpAiTwQAIlq56IbIO+ytk/JjS1fMR14ee5WBBfKi5J6A==
assertion-error,2.0.1,MIT,development,,sha512-Izi8RQcffqCeNVgFigKli1ssklIbpHnCYc6AknXGYoB6grJqyeby7jv12JUQgmTAnIDnbck1uxksT4dzN3PWBA==
atomic-sleep,1.0.0,MIT,runtime,,sha512-kNOjDqAh7px0XWNI+4QbzoiR/nTkHAWNud2uvnJquD1/x5a7EQZMJT0AczqK0Qn67oY/TTQ1LbUKajZpp3I9tQ==
avvio,9.3.0,MIT,runtime,,sha512-g2tQ7LE7oOSqDfwEm3M+ZCMTJc7KiZCdJ4UwyZJb5ckTKyYu50OYmvv0mCFXPuYXoM4zkSt8zM9XQ9KCvxA74A==
axe-core,4.10.3,MPL-2.0,development,,sha512-Xm7bpRXnDSX2YE2YFfBk2FnF0ep6tmG7xPh8iHee8MIcrgq762Nkce856dYtJYLkuIoYZvGfTs/PbZhideTcEg==
balanced-match,4.0.4,MIT,runtime,,sha512-BLrgEcRTwX2o6gGxGOCNyMvGSp35YofuYzw9h1IMTRmKqttAZZVU67bdb9Pr2vUHA8+j3i2tJfjO6C6+4myGTA==
baseline-browser-mapping,2.11.26,Apache-2.0,development,,sha512-GLQdD3y6UF8iVuMJl5fHgE4jdn/ua7n+toKfLgNlg3BqQtOZjpy68T8Tup8/wGWZCDlm7KMg7tPb4MPn7oN0TQ==
bidi-js,1.1.0,MIT,development,,sha512-fX1Onk0tdVPC7obPWB5EbJ1z7NVhLq4m2xZLq2YXBkxzMXIGRpNMU88n0EPgWseKl12J7zXs7qrDxPK4sRs2fg==
brace-expansion,5.0.12,MIT,runtime,,sha512-YovQ3rzhaLMIrDjNDMkNS01tea93qhEhG5xy8f6+R0l+dw3Ki+5sCoIoI942iuLZTHWogWktgwVDhU09iNEimQ==
browserslist,4.29.3,MIT,development,,sha512-1R4kiYKXGViqEN0CnoDrXc1StD9niAwu+j2dukWzrD4bJgsD4lDmEp0CRbc6E/vYJIfTHwPmwyaKtVSudICdPA==
cac,6.7.14,MIT,development,,sha512-b6Ilus+c3RrdDk+JhLKUAQfzzgLEPy6wcXqS7f/xe1EETvsDP6GORG7SFuOs6cID5YkqchW/LXZbX5bc8j7ZcQ==
call-me-maybe,1.0.2,MIT,development,,sha512-HpX65o1Hnr9HH25ojC1YGs7HCQLq0GCOibSaWER0eNpgJ/Z1MZv2mTc7+xh6WOPxbRVcmgbv4hGU+uSQ/2xFZQ==
caniuse-lite,1.0.30001814,CC-BY-4.0,development,,sha512-/Uaf1lAzr59XcMpW0o96WoEfr+VXK2OX4U9AgFoiSHsVJ4HppnIFUjtYzsyDH2+tgANaQb2/oxYGwCPapN1FpA==
chai,5.3.3,MIT,development,,sha512-4zNhdJD/iOjSH0A05ea+Ke6MU5mmpQcbQsSOkgdaUMJ9zTlDTD/GYlwohmIE2u0gaxHYiVHEn1Fw9mZ/ktJWgw==
check-error,2.1.3,MIT,development,,sha512-PAJdDJusoxnwm1VwW07VWwUN1sl7smmC3OKggvndJFadxxDRyFJBX/ggnu/KE4kQAB7a3Dp8f/YXC1FlUprWmA==
content-disposition,0.5.4,MIT,runtime,,sha512-FveZTNuGw04cxlAiWbzi6zTAL/lhehaWbTtgluJh4/E95DqMwTmha3KZN1aAWA8cFIhHzMZUvLevkw5Rqk+tSQ==
convert-source-map,2.0.0,MIT,development,,sha512-Kvp459HrV2FEJ1CAsi1Ku+MY3kasH19TFykTz2xWmMeq6bk2NU3XXvfJ+Q61m0xktWwt+1HSYf3JZsTms3aRJg==
cookie,1.1.1,MIT,runtime,,sha512-ei8Aos7ja0weRpFzJnEA9UHJ/7XQmqglbRwnf2ATjcB9Wq874VKH9kfjjirM6UhU2/E5fFYadylyhFldcqSidQ==
cron-parser,4.9.0,MIT,runtime,,sha512-p0SaNjrHOnQeR8/VnfGbmg9te2kfyYSQ7Sc/j/6DtPL3JQvKxmjO9TSjNFpujqV3vEYYBvNNvXSxzyksBWAx1Q==
cross-spawn,7.0.6,MIT,runtime,,sha512-uV2QOWP2nWzsy2aMp8aRibhi9dlzF5Hgh5SHaB9OiTGEyDTiJJyx0uy51QXdyWbtAHNua4XJzUKca3OzKUd3vA==
css-tree,3.2.1,MIT,development,,sha512-X7sjQzceUhu1u7Y/ylrRZFU2FS6LRiFVp6rKLPg23y3x3c3DOKAwuXGDp+PAGjh6CSnCjYeAul8pcT8bAl+lSA==
cssstyle,5.3.7,MIT,development,,sha512-7D2EPVltRrsTkhpQmksIu+LxeWAIEk6wRDMJ1qljlv+CKHJM+cJLlfhWIzNA44eAsHXSNe3+vO6DW1yCYx8SuQ==
csstype,3.2.3,MIT,development,,sha512-z1HGKcYy2xA8AGQfwrn0PAy+PB7X/GSj3UVJW9qKyn43xWa+gl5nXmU4qqLMRzWVLFC8KusUX8T/0kCiOYpAIQ==
data-urls,6.0.1,MIT,development,,sha512-euIQENZg6x8mj3fO6o9+fOW8MimUI4PpD/fZBhJfeioZVy9TUpM4UY7KjQNVZFlqwJ0UdzRDzkycB997HEq1BQ==
debug,4.4.3,MIT,development,,sha512-RGwwWnwQvkVfavKVt22FGLw+xYSdzARwm0ru6DhTVA3umU5hZc28V3kO4stgYryrTlLpuvgI9GiijltAjNbcqA==
decimal.js,10.6.0,MIT,runtime,apps/api; apps/web; packages/shared,sha512-YpgQiITW3JXGntzdUmyUR1V812Hn8T1YVXhCu+wO3OpS4eU9l4YdD3qjyiKdV6mvV29zapkMeD390UVEf2lkUg==
deep-eql,5.0.2,MIT,development,,sha512-h5k/5U50IJJFpzfL6nO9jaaumfjO/f2NjK/oYB2Djzm4p9L+3T9qWpZqZ2hAbLPuuYq9wrU08WQyBTL5GbPk5Q==
deep-is,0.1.4,MIT,development,,sha512-oIPzksmTg4/MriiaYGO+okXDT7ztn/w3Eptv/+gSIdMdKsJo0u4CfYNFJPy+4SKMuCqGw2wxnA+URMg3t8a/bQ==
depd,2.0.0,MIT,runtime,,sha512-g7nH6P6dyDioJogAAGprGpCtVImJhpPk/roCzdb3fIh61/s/nPsfR6onyMwkCAR/OlC3yBC0lESvUoQEAssIrw==
dequal,2.0.3,MIT,runtime,,sha512-0je+qPKHEMohvfRTCEo3CrPG6cAzAYgmzKyxRiYSSDkS6eGJdyVJm7WaYA5ECaAD9wLB2T4EEeymA5aFVcYXCA==
dom-accessibility-api,0.5.16,MIT,development,,sha512-X7BJ2yElsnOJ30pZF4uIIDfBEVgF4XEBxL9Bxhy6dnrm5hkzqmsWHGTiHqRiITNhMyFLyAiWndIJP7Z1NTteDg==
electron-to-chromium,1.5.443,ISC,development,,sha512-TDJG36L9A3CWWwZ97HKaE+Iz1sW80pNp6sAU0owzCIV3Zc9eVyRqZK8Vz6NKuMIU8WjP0pIkoqCa0VRf/yFD0Q==
entities,6.0.1,BSD-2-Clause,development,,sha512-aN97NXWF6AWBTahfVOIrB/NShkzi5H7F9r1s9mD3cDj4Ko5f2qhhVoYMibXF7GlLveb/D2ioWay8lxI97Ven3g==
es-module-lexer,1.7.0,MIT,development,,sha512-jEQoCwk8hyb2AZziIOLhDqpm5+2ww5uIE6lkO/6jcOCusfk6LhMHpXXfBLXTZ7Ydyt0j4VoUQv6uGNYbdW+kBA==
esbuild,0.25.12,MIT,development,,sha512-bbPBYYrtZbkt6Os6FiTLCTFxvq4tt3JKall1vRwshA3fdVztsLAatFaZobhkBC8/BrPetoa0oksYoKXoG4ryJg==
escalade,3.2.0,MIT,development,,sha512-WUj2qlxaQtO4g6Pq5c29GTcWGDyd8itL8zTlipgECz3JesAiiOKotd8JU6otB3PACgG6xkJUyVhboMS+bje/jA==
escape-html,1.0.3,MIT,runtime,,sha512-NiSupZ4OeuGwr68lGIeym/ksIZMJodUGOSCZ/FSnTxcrekbvqrgdUxlJOMpijaKZVjAJrWrGs/6Jy8OMuyj9ow==
escape-string-regexp,4.0.0,MIT,development,,sha512-TtpcNJ3XAzx3Gq8sWRzJaVajRs0uVxA2YAkdb1jm2YkPz4G6egUFAyA3n5vtEIZefPk5Wa4UXbKuS5fKkJWdgA==
eslint,10.1.0,MIT,development,(root) (dev),sha512-S9jlY/ELKEUwwQnqWDO+f+m6sercqOPSqXM5Go94l7DOmxHVDgmSFGWEzeE/gwgTAr0W103BWt0QLe/7mabIvA==
eslint-plugin-react-hooks,7.1.1,MIT,development,(root) (dev),sha512-f2I7Gw6JbvCexzIInuSbZpfdQ44D7iqdWX01FKLvrPgqxoE7oMj8clOfto8U6vYiz4yd5oKu39rRSVOe1zRu0g==
eslint-scope,9.1.2,BSD-2-Clause,development,,sha512-xS90H51cKw0jltxmvmHy2Iai1LIqrfbw57b79w/J7MfvDfkIkFZ+kj6zC3BjtUwh150HsSSdxXZcsuv72miDFQ==
eslint-visitor-keys,3.4.3,Apache-2.0,development,,sha512-wpc+LXeiyiisxPlEkUzU6svyS1frIO3Mgxj1fdy7Pm8Ygzguax2N3Fa/D/ag1WqbOprdI+uY6wMUl8/a2G+iag==
eslint-visitor-keys,5.0.1,Apache-2.0,development,,sha512-tD40eHxA35h0PEIZNeIjkHoDR4YjjJp34biM0mDvplBe//mB+IHCqHDGV7pxF+7MklTvighcCPPZC7ynWyjdTA==
espree,11.2.0,BSD-2-Clause,development,,sha512-7p3DrVEIopW1B1avAGLuCSh1jubc01H2JHc8B4qqGblmg5gI9yumBgACjWo4JlIc04ufug4xJ3SQI8HkS/Rgzw==
esquery,1.7.0,BSD-3-Clause,development,,sha512-Ap6G0WQwcU/LHsvLwON1fAQX9Zp0A2Y6Y/cJBl9r/JbW90Zyg4/zbG6zzKa2OTALELarYHmKu0GhpM5EO+7T0g==
esrecurse,4.3.0,BSD-2-Clause,development,,sha512-KmfKL3b6G+RXvP8N1vr3Tq1kL/oCFgn2NYXEtqP8/L3pKapUA4G8cFVaoF3SU323CD4XypR/ffioHmkti6/Tag==
estraverse,5.3.0,BSD-2-Clause,development,,sha512-MMdARuVEQziNTeJD8DgMqmhwR11BRQ/cBP+pLtYdSTnf3MIO8fFeiINEbX36ZdNlfU/7A9f3gUw49B3oQsvwBA==
estree-walker,3.0.3,MIT,development,,sha512-7RUKfXgSMMkzt6ZuXmqapOurLGPPfgj6l9uRZ7lRGolvk0y2yocc35LdcxKC5PQZdn2DMqioAQ2NoWcrTKmm6g==
esutils,2.0.3,BSD-2-Clause,development,,sha512-kVscqXk4OCp68SZ0dkgEKVi6/8ij300KBWTJq32P/dYeWTSwK41WyTxalN1eRmA5Z9UU/LX9D7FWSmV9SAYx6g==
expect-type,1.4.0,Apache-2.0,development,,sha512-KfYbmpRm0VbLjEvVa9yGwCi9GI34xvi7A/HXYWQO65CSD2u3MczUJSuwXKFIxlGsgBQizV9q5J9NHj4VG0n+pA==
fast-decode-uri-component,1.0.1,MIT,runtime,,sha512-WKgKWg5eUxvRZGwW8FvfbaH7AXSh2cL+3j5fMGzUMCxWBJ3dV3a7Wz8y2f/uQ0e3B6WmodD3oS54jTQ9HVTIIg==
fast-deep-equal,3.1.3,MIT,runtime,,sha512-f3qQ9oQy9j2AhBe/H9VC91wLmKBCCU/gDOnKNAYG5hswO7BLKj09Hc5HYNz9cGI++xlpDCIgDaitVs03ATR84Q==
fast-json-stable-stringify,2.1.0,MIT,development,,sha512-lhd/wF+Lk98HZoTCtlVraHtfh5XYijIjalXck7saUtuanSDyLMxnHhSXEDJqHxD7msR8D0uCmqlkwjCV8xvwHw==
fast-json-stringify,6.4.0,MIT,runtime,,sha512-ibRCQ0GZKJIQ+P3Et1h0LhPgp3PMTYk0MH8O+kW3lNYsvmaQww5Nn3f1jf73Q0jR1Yz3a1CDP4/NZD3vOajWJQ==
fast-json-stringify,7.0.1,MIT,runtime,,sha512-eRSayARSbbwlBjpP4vnTTIRD5QPcIrmihPxDeN1DtKnHPg66UuJLx+8hlK1kaFdjvzyQ/dzALoi4vwAQ+T+iZA==
fast-levenshtein,2.0.6,MIT,development,,sha512-DCXu6Ifhqcks7TZKY3Hxp3y6qphY5SJZmrWMDrKcERSOXWQdMhU9Ig/PYrzyw/ul9jOIyh0N4M0tbC5hodg8dw==
fast-querystring,1.1.2,MIT,runtime,,sha512-g6KuKWmFXc0fID8WWH0jit4g0AGBoJhCkJMb1RmbsSEUNvQ+ZC8D6CUZ+GtF8nMzSPXnhiePyyqqipzNNEnHjg==
fast-uri,3.1.8,BSD-3-Clause,runtime,,sha512-GZMtZUTNRpOVIECoXwLNZS5xUGE+mVNbTB8h/7Rwh2TFWcBQiPzTgyZi05BF9UMZKkLJv8XBRJTlU7zg8+ZfMg==
fast-uri,4.2.1,BSD-3-Clause,runtime,,sha512-TmHQgewjHtMq1E5QKA0tOE0yeYGQs25KZC/ziJpubRtWI15W92e6vPFydWOeZBVROSHBYw/QhD9d5OefdD6LDg==
fastify,5.6.1,MIT,runtime,apps/api,sha512-WjjlOciBF0K8pDUPZoGPhqhKrQJ02I8DKaDIfO51EL0kbSMwQFl85cRwhOvmSDWoukNOdTo27gLN549pLCcH7Q==
fastify-plugin,5.1.0,MIT,runtime,,sha512-FAIDA8eovSt5qcDgcBvDuX/v0Cjz0ohGhENZ/wpc3y+oZCY2afZ9Baqql3g/lC+OHRnciQol4ww7tuthOb9idw==
fastq,1.20.3,ISC,runtime,,sha512-XKv5nnLs6nLF71NgiKJLIZFLkPyIEuOselLG7ujZnGrRfQK8HpvY+WqKhAJUAdLomwVHErVS4LfxFlPq0/FTAw==
fdir,6.5.0,MIT,development,,sha512-tIbYtZbucOs0BRGqPJkshJUYdL+SDH7dVM8gjy+ERp3WAUjLEFJE+02kanyHtwjWOnwrKYBiwAmM0p4kLJAnXg==
file-entry-cache,8.0.0,MIT,development,,sha512-XXTUwCvisa5oacNGRP9SfNtYBNAMi+RPwBFmblZEF7N7swHYQS6/Zfk7SRwx4D5j3CH211YNRco1DEMNVfZCnQ==
find-my-way,9.9.0,MIT,runtime,,sha512-sJsgZ1sQH2UDuowPuMKg8az7Qc8F0jnj+SKkFWU/+T0xcFlgV5skgXOGUqmQzOdmW6ALA7AhJINWx3qFBkbLHA==
find-up,5.0.0,MIT,development,,sha512-78/PXT1wlLLDgTzDs7sjq9hzz0vXD+zn+7wypEe4fXQxCmdmqfGsEPQxmiCSQI3ajFV91bVSsvNtrJRiW6nGng==
flat-cache,4.0.1,MIT,development,,sha512-f7ccFPK3SXFHpx15UIGyRJ/FJQctuKZ0zVuN3frBo4HnK3cay9VEW0R6yPYFHC0AgqhukPzKjq22t5DmAyqGyw==
flatted,3.4.4,ISC,development,,sha512-5+ybhBZANEJxaH3X5evAFatUxLfEHSr7n6kYJ+1Qd0mUqr4eu9gIf6GDbWHf8RJijHrjjO8G+la14SlL2SeS1Q==
foreground-child,3.3.1,ISC,runtime,,sha512-gIXjKqtFuWEgzFRJA9WCQeSJLZDjgJUOMCMzxtvFq/37KojM1BFGufqsCy0r4qSQmYLsZYMeyRqzIWOMup03sw==
fsevents,2.3.2,NOASSERTION,development,,sha512-xiqMQR4xAeHTuB9uWm+fFRcIOgKBMiOBP+eXiyT7jsgVCq1bkVygt00oASowB7EdtpOHaaPgKt812P9ab+DDKA==
fsevents,2.3.3,NOASSERTION,development,,sha512-5xoDfX+fL7faATnagmWPpbFtwh/R77WmMMqqHGS65C3vvB0YHrgF+B1YmZ3441tMj5n63k0212XNoJwzlhffQw==
gensync,1.0.0-beta.2,MIT,development,,sha512-3hN7NaskYvMDLQY55gnW3NQ+mesEAepTqlg+VEbj7zzqEMBVNhzcGYYeqFo/TlYz6eQiFcp1HcsCZO+nGgS8zg==
glob,11.1.0,BlueOak-1.0.0,runtime,,sha512-vuNwKSaKiqm7g0THUBu2x7ckSs3XJLXE+2ssL7/MfTGPLLcrJQ/4Uq1CjPTtO5cCIiRxqvN6Twy1qOwhL0Xjcw==
glob-parent,6.0.2,ISC,development,,sha512-XxwI8EOhVQgWp6iDL+3b0r86f4d6AX6zSU55HfB4ydCEuXLXc5FcYeOu+nnGftS4TEju/11rt4KJPTMgbfmv4A==
helmet,8.3.0,MIT,runtime,,sha512-Qgpiaws3Sm30Av8Eah6sjMCZZwjlBu+E68rhpCWBshY1lb09HtLwj5GviX0OyQIn+ulUS0iX0AxN5n3tLZzz1w==
hermes-estree,0.25.1,MIT,development,,sha512-0wUoCcLp+5Ev5pDW2OriHC2MJCbwLwuRx+gAqMTOkGKJJiBCLjtrvy4PWUGn6MIVefecRpzoOZ/UV6iGdOr+Cw==
hermes-parser,0.25.1,MIT,development,,sha512-6pEjquH3rqaI6cYAXYPcz9MS4rY6R4ngRgrgfDshRptUZIc3lw0MCIJIGDj9++mfySOuPTHB4nrSW99BCvOPIA==
html-encoding-sniffer,4.0.0,MIT,development,,sha512-Y22oTqIU4uuPgEemfz7NDJz6OeKf12Lsu+QC+s3BVpda64lTiMYCyGwg5ki4vFxkMwQdeZDl2adZoqUgdFuTgQ==
html-parse-stringify,4.0.1,MIT,bundled,,sha512-0zHsZJrK7S3K2aucXWL6ycoYJ/iNtIcFHC/nYQgFklPtrv5LpJctIiSCroWZWeuoXvuyFdzp6KzjJQ+OT5MfFw==
http-errors,2.0.1,MIT,runtime,,sha512-4FbRdAX+bSdmo4AUFuS0WNiPz8NgFt+r8ThgNWmlrjQjt1Q7ZR9+zTlce2859x4KSXrwIsaeTqDoKQmtP8pLmQ==
http-proxy-agent,7.0.2,MIT,development,,sha512-T1gkAiYYDWYx3V5Bmyu7HcfcvL7mUrTWiM6yOfa3PIphViJ/gFPbvidQ+veqSOHci/PxBcDabeUNCzpOODJZig==
https-proxy-agent,7.0.6,MIT,development,,sha512-vK9P5/iUfdl95AI+JVyUuIcVtd4ofvtrOr3HNtM2yxC9bnMbEdp3x01OhQNnjb8IJYi38VlTE3mBXwcfvywuSw==
i18next,26.4.2,MIT,bundled,apps/web,sha512-RX+R0VLg13IbvRuJSxnqykUFS9vQZTl8wYpWPCIUDWVrSGjsQywB5Y+pjzrkboxGAuYfJZVH1InFTdgBdxq6ug==
iconv-lite,0.6.3,MIT,development,,sha512-4fCk79wshMdzMp2rH06qWrJE4iolqLhCUH+OiuIgU++RB0+94NlDL81atO7GX55uUKueo0txHNtvEyI6D7WdMw==
ignore,5.3.2,MIT,development,,sha512-hsBTNUqQTDwkWtcdYI2i06Y/nUBEsNEDJKjWdigLvegy8kDuJAS8uRlpkkcQpyEXL0Z/pjDy5HBmMjRCJ2gq+g==
ignore,7.0.11,MIT,development,,sha512-YChdK5txDjwGUvgR7oCJcLGkwi3LDh8Zx8tS7ndYciLEg/oOCL26VUBSUEtgS7EjiybcBqFxh5j0rAdDX7/bbg==
imurmurhash,0.1.4,MIT,development,,sha512-JmXMZ6wuvDmLiHEml9ykzqO6lwFbof0GG4IkcGaENdCRDDmMVnny7s5HsIgHCbaq0w2MyPhDqkhTUgS2LU2PHA==
inherits,2.0.4,ISC,runtime,,sha512-k/vGaX4/Yla3WzyMCvTQOXYeIHvqOKtnqBduzTHpzpQZzAskKMhZ2K+EnBiSM9zGSoIFeMpXKxa4dYeZIQqewQ==
ipaddr.js,2.5.0,MIT,runtime,,sha512-aq+t5NAc+cS6rZQQVWC2x98CPqGtKKTMDd4Gaodv0wShnItdKg/51djkGJ1hqH+Oy0ivDftCbSLCQob8zso01w==
is-extglob,2.1.1,MIT,development,,sha512-SbKbANkN603Vi4jEZv49LeVJMn4yGwsbzZworEoyEiutsN3nJYdbO36zfhGJ6QEDpOZIFkDtnq5JRxmvl3jsoQ==
is-glob,4.0.3,MIT,development,,sha512-xelSayHH36ZgE7ZWhli7pW34hNbNl8Ojv5KVmkJD4hBdD3th8Tfk9vYasLM+mXWOZhFkgZfxhLSnrwRr4elSSg==
is-potential-custom-element-name,1.0.1,MIT,development,,sha512-bCYeRA2rVibKZd+s2625gGnGF/t7DSqDs4dP7CrLA1m7jKWz6pps0LpYLJN8Q64HtmPKJ1hrN3nzPNKFEKOUiQ==
isexe,2.0.0,ISC,runtime,,sha512-RHxMLp9lnKHGHRng9QFhRCMbYAcVpn69smSGcq3f36xjgVVWThj4qqLbTLlq7Ssj8B+fIQ1EuCEGI2lKsyQeIw==
jackspeak,4.2.3,BlueOak-1.0.0,runtime,,sha512-ykkVRwrYvFm1nb2AJfKKYPr0emF6IiXDYUaFx4Zn9ZuIH7MrzEZ3sD5RlqGXNRpHtvUHJyOnCEFxOlNDtGo7wg==
jose,6.2.12,MIT,runtime,,sha512-9NiFmJEex0sy2Dk58j2UGBSHgUs2ypF9eZSu4L6vjOX3Dp96Sw1F3uL+H+D1sx02jZZdzUT0HgvCy59CuvXcWw==
js-tokens,4.0.0,MIT,development,,sha512-RdJUflcE3cUzKiMqQgsCu06FPu9UdIJO0beYbPhHN4k6apgJtifcoCtT9bcxOpYBtpD2kCM6Sbzg4CausW/PKQ==
js-tokens,9.0.1,MIT,development,,sha512-mxa9E9ITFOt0ban3j6L5MpjwegGz6lBQmM1IJkWeBZGcMxto50+eWdjC/52xDbS2vy0k7vIMK0Fe2wfL9OQSpQ==
js-yaml,4.3.2,MIT,development,,sha512-SFNOvSJ+Dgf/9An904Yx+CgSlIPCkIpao4qo51lpee25TIRejdH3rhR4EZMGoNx3/TP3O+wzWuiTFl4sqbltzA==
jsdom,27.0.0,MIT,development,apps/web (dev),sha512-lIHeR1qlIRrIN5VMccd8tI2Sgw6ieYXSVktcSHaNe3Z5nE/tcPQYQWOq00wxMvYOsz+73eAkNenVvmPC6bba9A==
jsesc,3.1.0,MIT,development,,sha512-/sM3dO2FOzXjKQhJuo0Q173wf2KOo8t4I8vHy6lF9poUp7bKT0/NHE8fPX23PwfhnykfqnC2xRxOnVw5XuGIaA==
json-buffer,3.0.1,MIT,development,,sha512-4bV5BfR2mqfQTJm+V5tPPdf+ZpuhiIvTuAB5g8kcrXOZpTT/QwwVRWBywX1ozr6lEuPdbHxwaJlm9G6mI2sfSQ==
json-schema-ref-resolver,3.0.0,MIT,runtime,,sha512-hOrZIVL5jyYFjzk7+y7n5JDzGlU8rfWDuYyHwGa2WA8/pcmMHezp2xsVwxrebD/Q9t8Nc5DboieySDpCp4WG4A==
json-schema-traverse,0.4.1,MIT,development,,sha512-xbbCH5dCYU5T8LcEhhuh7HJ88HXuW3qsI3Y0zOZFKfZEHcpWiHU/Jxzk629Brsab/mMiHQti9wMP+845RPe3Vg==
json-schema-traverse,1.0.0,MIT,runtime,,sha512-NM8/P9n3XjXhIZn1lLhkFaACTOURQXjWhV4BA/RnOv8xvgqtqpAX9IO4mRQxSx1Rlo4tqzeqb0sOlruaOy3dug==
json-stable-stringify-without-jsonify,1.0.1,MIT,development,,sha512-Bdboy+l7tA3OGW6FjyFHWkP5LuByj1Tk33Ljyq0axyzdk9//JSi2u3fP1QSmd1KNwq6VOKYGlAu87CisVir6Pw==
json5,2.2.3,MIT,development,,sha512-XmOWe7eyHYH14cLdVPoyg+GOH3rYX++KpzrylJwSW98t3Nk+U8XOl8FWKOgwtzdb8lXGf6zYwDUzeHMWfxasyg==
keyv,4.5.4,MIT,development,,sha512-oxVHkHR/EJf2CNXnWxRLW6mg7JyCCUcG0DtEGmL2ctUo1PNTin1PUil+r/+4r5MpVgC/fn1kjsx7mjSujKqIpw==
kysely,0.28.7,MIT,runtime,apps/api; apps/worker; packages/db,sha512-u/cAuTL4DRIiO2/g4vNGRgklEKNIj5Q3CG7RoUB5DV5SfEC2hMvPxKi0GWPmnzwL2ryIeud2VTcEEmqzTzEPNw==
levn,0.4.1,MIT,development,,sha512-+bT2uH4E5LGE7h/n3evcS/sQlJXCpIp6ym8OWJ5eV6+67Dsql/LaaT7qJBAt2rzfoa/5QBGBhxDix1dMt2kQKQ==
light-my-request,6.6.0,BSD-3-Clause,runtime,,sha512-CHYbu8RtboSIoVsHZ6Ye4cj4Aw/yg2oAFimlF7mNvfDV192LR7nDiKtSIfCuLT7KokPSTn/9kfVLm5OGN0A28A==
locate-path,6.0.0,MIT,development,,sha512-iPZK6eYjbxRu3uB4/WZ3EsEIMJFMqAoopl3R+zuq0UjcAm/MO6KCweDgPfP3elTztoKP3KtnVHxTn2NHBSDVUw==
loupe,3.2.1,MIT,development,,sha512-CdzqowRJCeLU72bHvWqwRBBlLcMEtIvGrlvef74kMnV2AolS9Y8xUv1I0U/MNAWMhBlKIoyuEgoJ0t/bbwHbLQ==
lru-cache,11.5.3,BlueOak-1.0.0,runtime,,sha512-U4N8FgzmWxc8k1VH8Kr6lQg18U7Fjvby6wXHVRX/ZZ7IwWbRMgrRbP0Wrb5q5NVinryp4SQampHKdvtecItxUg==
lru-cache,5.1.1,ISC,development,,sha512-KpNARQA3Iwv+jTA0utUVVbrh+Jlrr1Fv0e56GGzAFOXN7dk/FviaDW8LHmK52DlcH4WP2n6gI8vN1aesBFgo9w==
luxon,3.7.2,MIT,runtime,,sha512-vtEhXh/gNjI9Yg1u4jX/0YVPMvxzHuGgCm6tC5kZyb08yjGWGnqAjGJvcXbqQR2P3MyMEFnRbpcdFS6PBcLqew==
lz-string,1.5.0,MIT,development,,sha512-h5bgJWpxJNswbU7qCrV0tIKQCaS3blPDrqKWx+QxzuzL1zGUzij9XCWLrSLsJPu5t+eWA/ycetzYAO5IOMcWAQ==
magic-string,0.30.21,MIT,development,,sha512-vd2F4YUyEXKGcLHoq+TEyCjxueSeHnFxyyjNp80yg0XV4vUhnDer/lvvlqM/arB5bXQN5K2/3oinyCRyx8T2CQ==
mdn-data,2.27.1,CC0-1.0,development,,sha512-9Yubnt3e8A0OKwxYSXyhLymGW4sCufcLG6VdiDdUGVkPhpqLxlvP5vl1983gQjJl3tqbrM731mjaZaP68AgosQ==
mime,3.0.0,MIT,runtime,,sha512-jSCU7/VB1loIWBZe14aEYHU/+1UMEHoaO7qxCOVJOw9GgH72VAWppxNcjU+x9a2k3GSIBXNKxXQFqRvvZ7vr3A==
minimatch,10.2.6,BlueOak-1.0.0,runtime,,sha512-vpLQEs+VLCr1nU0BXS07maYoFwlDAH0gngQuuttxIwutDFEMHq2blX+8vpgxDdK3J1PwjCJiep77OitTZ4Ll1A==
minipass,7.1.3,BlueOak-1.0.0,runtime,,sha512-tEBHqDnIoM/1rXME1zgka9g6Q2lcoCkxHLuc7ODJ5BxbP5d4c2Z5cGgtXAku59200Cx7diuHTOYfSBD8n6mm8A==
ms,2.1.3,MIT,development,,sha512-6FlzubTLZG3J2a/NVCAleEhjzq5oxgHyaCU9yYXvcLsvoVaHJq/s5xXI6/XXP6tz7R9xAOtHnSO/tXtF3WRTlA==
nanoid,3.3.19,MIT,development,,sha512-Y2tUNy4ouw6tq5oDSKeQYGOyhkUBhNOcGV/02KC+6kd9eDGqdZd++mjMiIDilrBYvjEnCYvVtsuHCuP+okSfug==
natural-compare,1.4.0,MIT,development,,sha512-OWND8ei3VtNC9h7V60qff3SVobHr996CTwgxubgyQYEpg290h9J0buyECNNJexkFm5sOajh5G116RYA1c8ZMSw==
node-releases,2.0.57,MIT,development,,sha512-kQK9LGGFiHtrWiNhZtA7Qbw17AQz+dmsEKODRIVTXA9+e5MS/2gZEBhYJt13GrAz5/IOZKddH/0Z3TP/Zgo+yw==
oauth4webapi,3.8.8,MIT,runtime,,sha512-8N28E+a/oxfXWBgOMt+ZP/JUf/XR+IFbvkAEPP3gznXOMv9BpAAwiIj0TFNz3tGTPc0ZQ8zmWBNgN1nAys0gng==
on-exit-leak-free,2.1.2,MIT,runtime,,sha512-0eJJY6hXLGf1udHwfNftBqH+g73EU4B504nZeKpz1sYRKafAghwxEJunB2O7rDZkL4PGfsMVnTXZ2EjibbqcsA==
openapi-types,12.1.3,MIT,development,(root) (dev),sha512-N4YtSYJqghVu4iek2ZUvcN/0aqH1kRDuNqzcycDxhOUpg7GdvLa2F3DgS6yBNhInhv2r/6I0Flkn7CqL8+nIcw==
openid-client,6.8.1,MIT,runtime,apps/api,sha512-VoYT6enBo6Vj2j3Q5Ec0AezS+9YGzQo1f5Xc42lreMGlfP4ljiXPKVDvCADh+XHCV/bqPu/wWSiCVXbJKvrODw==
optionator,0.9.4,MIT,development,,sha512-6IpQ7mKUxRcZNLIObR0hz7lxsapSSIYNZJwXPGeF0mTVqGKFIXj1DQcMoT22S3ROcLyY/rz0PWaWZ9ayWmad9g==
p-limit,3.1.0,MIT,development,,sha512-TYOanM3wGwNGsZN2cVTYPArw454xnXj5qmWF1bEoAc4+cU/ol7GVh7odevjp1FNHduHc3KZMcFduxU5Xc6uJRQ==
p-locate,5.0.0,MIT,development,,sha512-LaNjtRWUBY++zB5nE/NwcaoMylSPk+S+ZHNB1TzdbMJMny6dynpAGt7X/tl/QYq3TIeE6nxHppbo2LGymrG5Pw==
package-json-from-dist,1.0.1,BlueOak-1.0.0,runtime,,sha512-UEZIS3/by4OC8vL3P2dTXRETpebLI2NiI5vIrjaD/5UtrkFX/tNbwjTSRAGC/+7CAo2pIcBaRgWmcBBHcsaCIw==
parse5,7.3.0,MIT,development,,sha512-IInvU7fabl34qmi9gY8XOVxhYyMyuH2xUNpb2q8/Y+7552KlejkRvqvD19nMoUW/uQGGbqNpA6Tufu5FL5BZgw==
path-exists,4.0.0,MIT,development,,sha512-ak9Qy5Q7jYb2Wwcey5Fpvg2KoAc/ZIhLSLOSBmRmygPsGwkVVt0fZa0qrtMz+m6tJTAHfZQ8FnmB4MG4LWy7/w==
path-key,3.1.1,MIT,runtime,,sha512-ojmeN0qd+y0jszEtoY48r0Peq5dwMEkIlCOu6Q5f41lfkswXuKtYrhgoTpLnyIcHm24Uhqx+5Tqm2InSwLhE6Q==
path-scurry,2.0.2,BlueOak-1.0.0,runtime,,sha512-3O/iVVsJAPsOnpwWIeD+d6z/7PmqApyQePUtCndjatj/9I5LylHvt5qluFaBT3I5h3r1ejfR056c+FCv+NnNXg==
pathe,2.0.3,MIT,development,,sha512-WUjGcAqP1gQacoQe+OBJsFA7Ld4DyXuUIjZ5cc75cLHvJ7dtNsTugphxIADwspS+AraAUePCKrSVtPLFj/F88w==
pathval,2.0.1,MIT,development,,sha512-//nshmD55c46FuFw26xV/xFAaB5HF9Xdap7HJBBnrKdAd6/GxDBaNA1870O79+9ueg61cZLSVc+OaFlfmObYVQ==
pg,8.16.3,MIT,runtime,apps/api; apps/worker; packages/db,sha512-enxc1h0jA/aq5oSDMvqyW3q89ra6XIIDZgCX9vkMrnz5DFTw/Ny3Li2lFQ+pt3L6MCgm/5o2o8HW9hiJji+xvw==
pg-boss,11.0.0,MIT,runtime,apps/worker,sha512-sVBI1I2Apa8BAOJLbd14qOo8mpts6GsY5m82eUg4WQbNfNi5Q2PlIOS84cgNdJWdoD+zYw2wktJ7doZRJohcDA==
pg-cloudflare,1.4.1,MIT,runtime,,sha512-6PQbsFWZcp9EmJEwy5cGQ2La+AMWpP46lgbb8X+U/XsHIUweYDNCpeuKck5RxL2MdVFi7krbbEi5nX4Zh7JhrQ==
pg-connection-string,2.14.1,MIT,runtime,,sha512-qR3kGNPBLpCNtz0evbKA0Y/MRFXwSSdT+pTJvYp/bXTcReZbvX1kzF0IyTc1QnxqF7AZbOeBhNL8R5mYQZV/MA==
pg-int8,1.0.1,ISC,runtime,,sha512-WCtabS6t3c8SkpDBUlb1kjOs7l66xsGdKpIPZsg4wR+B3+u9UAum2odSsF9tnvxg80h4ZxLWMy4pRjOsFIqQpw==
pg-pool,3.14.0,MIT,runtime,,sha512-gKtPkFdQPU3DksooVLi9LsjZxrsBUZIpa+7aVx+LV5pNh0KzP4Zleud2po+ConrxbuXGBJ6Hfer6hdgpIBpBaw==
pg-protocol,1.16.1,MIT,runtime,,sha512-p9VOFMiHB/ZbJATetbg+99PxssTVSQRnyuPSQ67mN1+1KBOjZaZ83ZQzltnxPhJwSsC3nwVjJ10DVJlerbFzLg==
pg-types,2.2.0,MIT,runtime,,sha512-qTAAlrEsl8s4OiEQY69wDvcMIdQN6wdz5ojQiOy6YRMuynxenON0O5oCpJI6lshc6scgAY8qvJ2On/p+CXY0GA==
pgpass,1.0.5,MIT,runtime,,sha512-FdW9r/jQZhSeohs1Z3sI1yxFQNFvMcnmfuj4WBMUTxOrAyLMaTcE1aAMBiTlbMNaXvBCQuVi0R7hd8udDSP7ug==
picocolors,1.1.1,ISC,development,,sha512-xceH2snhtb5M9liqDsmEw56le376mTZkEX/jEb/RxNFyegNul7eNslCXP9FDj/Lcu0X8KEyMceP2ntpaHrDEVA==
picomatch,4.0.7,MIT,development,,sha512-qcJu88Q2IWqJsDD529JKMdwGm/dvInW4HvQnRwiH9JtihJvzGOscDtHE3x1pBKeUOTysQ8kVmLnJ2kJu7yhcGA==
pino,9.14.0,MIT,runtime,,sha512-8OEwKp5juEvb/MjpIc4hjqfgCNysrS94RIOMXYvpYCdm/jglrKEiAYmiumbmGhCvs+IcInsphYDFwqrjr7398w==
pino-abstract-transport,2.0.0,MIT,runtime,,sha512-F63x5tizV6WCh4R6RHyi2Ml+M70DNRXt/+HANowMflpgGFMAym/VKm6G7ZOQRjqN7XbGxK1Lg9t6ZrtzOaivMw==
pino-std-serializers,7.1.0,MIT,runtime,,sha512-BndPH67/JxGExRgiX1dX0w1FvZck5Wa4aal9198SrRhZjH3GxKQUKIBnYJTdj2HDN3UQAS06HlfcSbQj2OHmaw==
playwright,1.56.1,Apache-2.0,development,,sha512-aFi5B0WovBHTEvpM3DzXTUaeN6eN0qWnTkKx4NQaH4Wvcmc153PdaY2UBdSYKaGYw+UyWXSVyxDUg5DoPEttjw==
playwright-core,1.56.1,Apache-2.0,development,,sha512-hutraynyn31F+Bifme+Ps9Vq59hKuUCz7H1kDOcBs+2oGguKkWTU50bBWrtz34OUWmIwpBTWDxaRPXrIXkgvmQ==
postcss,8.5.28,MIT,development,,sha512-RRuzqDtt5Y9h3quz5hWhK+TPnsmVs6WwSU6LkJMeY4HstUEDuYTG8UJSdawMRzmzAtV+KEoG8N3Qg2qLy5vM/A==
postgres-array,2.0.0,MIT,runtime,,sha512-VpZrUqU5A69eQyW2c5CA1jtLecCsN2U/bD6VilrFDWq5+5UIEVO7nazS3TEcHf1zuPYO/sqGvUvW62g86RXZuA==
postgres-bytea,1.0.1,MIT,runtime,,sha512-5+5HqXnsZPE65IJZSMkZtURARZelel2oXUEO8rH83VS/hxH5vv1uHquPg5wZs8yMAfdv971IU+kcPUczi7NVBQ==
postgres-date,1.0.7,MIT,runtime,,sha512-suDmjLVQg78nMK2UZ454hAG+OAW+HQPZ6n++TNDUX+L0+uUlLywnoxJKDou51Zm+zTCjrCl0Nq6J9C5hP9vK/Q==
postgres-interval,1.2.0,MIT,runtime,,sha512-9ZhXKM/rw350N1ovuWHbGxnGh/SNJ4cnxHiM0rxE4VN41wsg8P8zWn9hv/buK00RP4WvlOyr/RBDiptyxVbkZQ==
prelude-ls,1.2.1,MIT,development,,sha512-vkcDPrRZo1QZLbn5RLGPpg/WmIQ65qoWWhcGKf/b5eplkkarX0m9z8ppCat4mlOqUsWpyNuYgO3VRyrYHSzX5g==
prettier,3.8.1,MIT,development,(root) (dev),sha512-UOnG6LftzbdaHZcKoPFtOcCKztrQ57WkHDeRD9t/PTQtmT0NHSeWWepj6pS0z/N7+08BHFDQVUrfmfMRcZwbMg==
pretty-format,27.5.1,MIT,development,,sha512-Qb1gy5OrP5+zDf2Bvnzdl3jsTf1qXVMazbvCoKhtKqVs4/YK4ozX4gKQJJVyNe+cajNPn0KoC0MC3FUmaHWEmQ==
process-warning,4.0.1,MIT,runtime,,sha512-3c2LzQ3rY9d0hc1emcsHhfT9Jwz0cChib/QN89oME2R451w5fy3f0afAhERFZAwrbDU43wk12d0ORBpDVME50Q==
process-warning,5.1.0,MIT,runtime,,sha512-jQSaVHsPgtyw60e1rQ/A+/ArPEj/S8pS/vFnyGa/gYFXrKk/6RuDkoqVDQ5NI5MmS01698ltlAk0NoDBNLujRw==
punycode,2.3.1,MIT,development,,sha512-vYt7UD1U9Wg6138shLtLOvdAu+8DsC/ilFtEVHcH+wydcSpNE20AfSOduf6MkRFahL5FY7X1oU7nKVZFtfq8Fg==
quick-format-unescaped,4.0.4,MIT,runtime,,sha512-tYC1Q1hgyRuHgloV/YXs2w15unPVh8qfu/qCTfhTYamaw7fyhumKa2yGpdSo87vY32rIclj+4fWYQXUMs9EHvg==
react,19.2.0,MIT,bundled,apps/web,sha512-tmbWg6W31tQLeB5cdIBOicJDJRR2KzXsV7uSK9iNfLWQ5bIZfxuPEHp7M8wiHyHnn0DD1i7w3Zmin0FtkrwoCQ==
react-dom,19.2.0,MIT,bundled,apps/web,sha512-UlbRu4cAiGaIewkPyiRGJk0imDN2T3JjieT6spoL2UeSf5od4n5LB/mQ4ejmxhCFT1tYe8IvaFulzynWovsEFQ==
react-hook-form,7.62.0,MIT,bundled,apps/web,sha512-7KWFejc98xqG/F4bAxpL41NB3o1nnvQO1RWZT3TqRZYL8RryQETGfEdVnJN2fy1crCiBLLjkRBVK05j24FxJGA==
react-i18next,17.0.15,MIT,bundled,apps/web,sha512-7uYpx/oBkesLto7cOzOmfITlUBaXHCAcFahmgETMfWr8nbbWRRnVGvz8wsH/xpbNcyoH+NpCcnOQEqWPMO6/hw==
react-is,17.0.2,MIT,development,,sha512-w2GsyukL62IJnlaff/nRegPQR94C/XXamvMWmSHRJ4y7Ts/4ocGRmTHvOs8PSE6pB3dWOrD/nueuU5sduBsQ4w==
react-refresh,0.17.0,MIT,development,,sha512-z6F7K9bV85EfseRCp2bzrpyQ0Gkw1uLoCel9XBVWPg/TjRj94SkJzUTGfOa4bs7iJvBWtQG0Wq7wnI0syw3EBQ==
react-router,7.9.0,MIT,bundled,apps/web,sha512-gmmc2UNj8oS8Z2JGpfAmhLv+j5O9Xciv2HAGZN0rV//ycoe1E40xN3ovqLZD7PsMDkoJvsbASE8TjAY+Xm7DKQ==
real-require,0.2.0,MIT,runtime,,sha512-57frrGM/OCTLqLOAh0mhVA9VBMHd+9U7Zb2THMGdBUoZVOtGbJzjxsYGDJ3A9AYYCP4hn6y1TVbaOfzWtm5GFg==
require-from-string,2.0.2,MIT,runtime,,sha512-Xf0nWe6RseziFMu+Ap9biiUbmplq6S9/p+7w7YXP/JBHhrUDDUhwa+vANyubuqfZWTveU//DYVGsDG7RKL/vEw==
ret,0.5.0,MIT,runtime,,sha512-I1XxrZSQ+oErkRR4jYbAyEEu2I0avBvvMM5JN+6EBprOGRCs63ENqZ3vjavq8fBw2+62G5LF5XelKwuJpcvcxw==
reusify,1.1.0,MIT,runtime,,sha512-g6QUff04oZpHs0eG5p83rFLhHeV00ug/Yf9nZM6fLeUrPguBTkTQOdpAWWspMh55TZfVQDPaN3NQJfbVRAxdIw==
rfdc,1.4.1,MIT,runtime,,sha512-q1b3N5QkRUWUl7iyylaaj3kOpIT0N2i9MqIEQXP73GVsN9cw3fdx8X63cEmWhJGi2PPCF23Ijp7ktmd39rawIA==
rollup,4.63.5,MIT,development,,sha512-KRWwmNLlPw5M7HcdYfm15oBv9n9LPtjzpzCIxS/phwqvPyxHSoKX6Y2YU3pxSPfy0CLquVgsx/j/hBi6OvH1Nw==
rrweb-cssom,0.8.0,MIT,development,,sha512-guoltQEx+9aMf2gDZ0s62EcV8lsXR+0w8915TC3ITdn2YueuNjdAYh/levpU9nFaoChh9RUS5ZdQMrKfVEN9tw==
safe-buffer,5.2.1,MIT,runtime,,sha512-rp3So07KcdmmKbGvgaNxQSJr7bGVSVk5S9Eq1F+ppbRo70+YeaDxkw5Dd8NPN+GD6bjnYm2VuPuCXmpuYvmCXQ==
safe-regex2,5.1.1,MIT,runtime,,sha512-mOSBvHGDZMuIEZMdOz/aCEYDCv0E7nfcNsIhUF+/P+xC7Hyf3FkvymqgPbg9D1EdSGu+uKbJgy09K/RKKc7kJA==
safe-stable-stringify,2.5.0,MIT,runtime,,sha512-b3rppTKm9T+PsVCBEOUR46GWI7fdOs00VKZ1+9c1EWDaDMvjQc6tUwuFyIprgGgTcWoVHSKrU8H31ZHA2e0RHA==
safer-buffer,2.1.2,MIT,development,,sha512-YZo3K82SD7Riyi0E1EQPojLz7kpepnSQI9IyPbHHg1XXXevb5dJI7tpyN2ADxGcQbHG7vcyRHk0cbwqcQriUtg==
saxes,6.0.0,ISC,development,,sha512-xAg7SOnEhrm5zI3puOOKyy1OMcMlIJZYNJY7xLBwSze0UjhPLnWfj2GF2EpT0jmzaJKIWKHLsaSSajf35bcYnA==
scheduler,0.27.0,MIT,bundled,,sha512-eNv+WrVbKu1f3vbYJT/xtiF5syA5HPIMtf9IgY/nKg0sWqzAUEvqY/xm7OcZc/qafLx/iO9FgOmeSAp4v5ti/Q==
secure-json-parse,4.1.0,BSD-3-Clause,runtime,,sha512-l4KnYfEyqYJxDwlNVyRfO2E4NTHfMKAWdUuA8J0yve2Dz/E/PdBepY03RvyJpssIpRFwJoCD55wA+mEDs6ByWA==
semver,6.3.1,ISC,development,,sha512-BR7VvDCVHO+q2xBEWskxS6DJE1qRnb7DxzUrogb71CWoSficBxYsiAGd+Kl0mmq/MprG9yArRkyrQxTO6XjMzA==
semver,7.8.5,ISC,runtime,,sha512-Y7/KDsb8LjooZpwaqGyulO6DQlksgCncchHGk+sZIY4SBvUocMBEFH5Ur1fI4dV+Jvl0w6cjvucaIi40puRioA==
serialize-error,8.1.0,MIT,runtime,,sha512-3NnuWfM6vBYoy5gZFvHiYsVbafvI9vZv/+jlIigFn4oP4zjNPK3LhcY0xSCgeb1a5L8jO71Mit9LlNoi2UfDDQ==
set-cookie-parser,2.7.2,MIT,runtime,,sha512-oeM1lpU/UvhTxw+g3cIfxXHyJRc/uidd3yK1P242gzHds0udQBYzs3y8j4gCCW+ZJ7ad0yctld8RYO+bdurlvw==
setprototypeof,1.2.0,ISC,runtime,,sha512-E5LDX7Wrp85Kil5bhZv46j8jOeboKq5JMmYM3gVGdGH8xFpPWXUMsNrlODCrkoxMEeNi/XZIwuRvY4XNwYMJpw==
shebang-command,2.0.0,MIT,runtime,,sha512-kHxr2zZpYtdmrN1qDjrrX/Z1rR1kG8Dx+gkpK1G4eXmvXswmcE1hTWBWYUzlraYw1/yZp6YuDY77YtvbN0dmDA==
shebang-regex,3.0.0,MIT,runtime,,sha512-7++dFhtcx3353uBaq8DDR4NuxBetBzC7ZQOhmTQInHEd6bSrXdiEyzCvG07Z44UYdLShWUyXt5M/yhz8ekcb1A==
siginfo,2.0.0,ISC,development,,sha512-ybx0WO1/8bSBLEWXZvEd7gMW3Sn3JFlW3TvX1nREbDLRNQNaeNN8WK0meBwPdAaOI7TtRRRJn/Es1zhrrCHu7g==
signal-exit,4.1.0,ISC,runtime,,sha512-bzyZ1e88w9O1iNJbKnOlvYTrWPDl46O1bG0D3XInv+9tkPrxrN8jUUTiFlDkkmKWgn1M6CfIA13SuGqOa9Korw==
sonic-boom,4.2.1,MIT,runtime,,sha512-w6AxtubXa2wTXAUsZMMWERrsIRAdrK0Sc+FUytWvYAhBJLyuI4llrMIC1DtlNSdI99EI86KZum2MMq3EAZlF9Q==
source-map-js,1.2.2,BSD-3-Clause,development,,sha512-KGj/8Y43x35aZVDtt+J4mK1hoLGHULMYfSkODJNQjNDC3oW1PqPoxMwo0pLUsWM/UEGzON/NxeHywEfNXNP3Vw==
split2,4.2.0,ISC,runtime,,sha512-UcjcJOWknrNkF6PLX83qcHM6KHgVKNkV62Y8a5uYDVv9ydGQVwAHMKqHdJje1VTWpljG0WYpCDhrCdAOYH4TWg==
stackback,0.0.2,MIT,development,,sha512-1XMJE5fQo1jGH6Y/7ebnwPOBEkIEnT4QF32d5R1+VXdXveM0IBMJt8zfaxX1P3QhVwrYe+576+jkANtSS2mBbw==
statuses,2.0.2,MIT,runtime,,sha512-DvEy55V3DB7uknRo+4iOGT5fP1slR8wQohVdknigZPMpMstaKJQWhwiYBACJE3Ul2pTnATihhBYnRhZQHGBiRw==
std-env,3.10.0,MIT,development,,sha512-5GS12FdOZNliM5mAOxFRg7Ir0pWz8MdpYm6AY6VPkGpbA7ZzmbzNcBJQ0GPvvyWgcY7QAhCgf9Uy89I03faLkg==
strip-literal,3.1.0,MIT,development,,sha512-8r3mkIM/2+PpjHoOtiAW8Rg3jJLHaV7xPwG+YRGrv6FP0wwk/toTpATxWYOW0BKdWwl82VT2tFYi5DlROa0Mxg==
symbol-tree,3.2.4,MIT,development,,sha512-9QNk5KwDF+Bvz+PyObkmSYjI5ksVUYtjW7AU22r2NKcfLJcXp96hkDWU3+XndOsUb+AQ9QhfzfCT2O+CNWT5Tw==
thread-stream,3.2.0,MIT,runtime,,sha512-zLBvqpwr4Esa0kRjcrzGU6zL25lePWaCLMx0RQFrmteozIfeNdaMLpG5U7PeHzvlFkAWaRKA9/KVW4F60iB+qw==
tinybench,2.9.0,MIT,development,,sha512-0+DUvqWMValLmha6lr4kD8iAMK1HzV0/aKnCtWb9v9641TnP/MFb7Pc2bxoxQjTXAErryXVgUOfv2YqNllqGeg==
tinyexec,0.3.2,MIT,development,,sha512-KQQR9yN7R5+OSwaK0XQoj22pwHoTlgYqmUscPYoknOoWCWfj/5/ABTMRi69FrKU5ffPVh5QcFikpWJI/P1ocHA==
tinyglobby,0.2.17,MIT,development,,sha512-wXR/dYpcqKmfWpEdZjiKJOwCNFndD0DMnrW/cYjVGttEkBfVgcLFHoNrlj47mjOVic9yyNu65alsgF4NQyTa2g==
tinypool,1.1.1,MIT,development,,sha512-Zba82s87IFq9A9XmjiX5uZA/ARWDrB03OHlq+Vw1fSdt0I+4/Kutwy8BP4Y/y/aORMo61FQ0vIb5j44vSo5Pkg==
tinyrainbow,2.0.0,MIT,development,,sha512-op4nsTR47R6p0vMUUoYl/a+ljLFVtlfaXkLQmqfLR1qHma1h/ysYk4hEXZ880bf2CYgTskvTa/e196Vd5dDQXw==
tinyspy,4.0.6,MIT,development,,sha512-u8KszXvGfU68hVcZpRHKG28T0krMuv2G5nDhiHaMLen/gIuFEgIJhaJuO69qjnXg5paSrbPMFfx3brNuN8eVSg==
tldts,7.4.16,MIT,development,,sha512-QwBER5KMR86IIjpIiO7H/Z3IMJPsZ1A6RKPAqzTTgOyUQUSt9FdnKcqhTaJmkY6HVrgouZHZR0ncK5QxvmnQeg==
tldts-core,7.4.16,MIT,development,,sha512-MDolfaSJtlSK5Y0A1xl3277ekubZwobpBjugknDizI9O5Rm60a1m8k4ICK+MRsCDzPygT81mp3BBf5RKDlFRfA==
toad-cache,3.7.4,MIT,runtime,,sha512-m1TdR/rvT7kgGJZhspNtXdsdYk0fddFpJJFlG5s+UkPFo6lkLoZ3YLOaovPYjq1R75NP5JfeTlSHaOsE09peCg==
toidentifier,1.0.1,MIT,runtime,,sha512-o5sSPKEkg/DIQNmH43V0/uerLrpzVedkUh8tGNvaeXpfpuwjKenlSox/2O/BTlZUtEe+JG7s5YhEz608PlAHRA==
tough-cookie,6.0.2,BSD-3-Clause,development,,sha512-exgYmnmL/sJpR3upZfXG5PoatXQii55xAiXGXzY+sROLZ/Y+SLcp9PgJNI9Vz37HpQ74WvDcLT8eqm+kV3FzrA==
tr46,6.0.0,MIT,development,,sha512-bLVMLPtstlZ4iMQHpFHTR7GAGj2jxi8Dg0s2h2MafAE4uSWF98FC/3MomU51iQAMf8/qDUbKWf5GxuvvVcXEhw==
ts-api-utils,2.5.0,MIT,development,,sha512-OJ/ibxhPlqrMM0UiNHJ/0CKQkoKF243/AEmplt3qpRgkW8VG7IfOS41h7V8TjITqdByHzrjcS/2si+y4lIh8NA==
type-check,0.4.0,MIT,development,,sha512-XleUoc9uwGXqjWwXaUTZAmzMcFZ5858QA2vvx1Ur5xIcixXIP+8LnFDgRplU30us6teqdlskFfu+ae4K79Ooew==
type-fest,0.20.2,(MIT OR CC0-1.0),runtime,,sha512-Ne+eE4r0/iWnpAxD852z3A+N0Bt5RN//NjJwRd2VFHEmrywxf5vsZlh4R6lixl6B+wz/8d+maTSAkN1FIkI3LQ==
typescript,6.0.2,Apache-2.0,bundled,(root) (dev),sha512-bGdAIrZ0wiGDo5l8c++HWtbaNCWTS4UTv7RaTH/ThVIgjkveJt83m74bBHMJkuCbslY8ixgLBVZJIOiQlQTjfQ==
typescript-eslint,8.71.0,MIT,development,(root) (dev),sha512-fBdHYiqQ14RW6mOMXD14Svn82ZsCYAoQSzGRzyEjR59S5A2Krh/l7fGTOQ7iCr8gGy/mHVXtEF7s5fgjEdV0Pw==
undici-types,6.21.0,MIT,development,,sha512-iwDZqg0QAGrg9Rav5H4n0M64c3mkR59cJ6wQp+7C4nI0gsmExaedaYLNO44eT4AtBBwjbTiGPMlt2Md0T9H9JQ==
update-browserslist-db,1.3.3,MIT,development,,sha512-pJ2sYawQS0R/WI928Gj5GlPhTGzbMelq0+4INtSYNDV9ErKJcX6xjGWkoG/VnB3dpUm00zALaqkrUD77pO5TDQ==
uri-js,4.4.1,BSD-2-Clause,development,,sha512-7rKUyy33Q1yc98pQ1DAmLtwX109F7TIfWlW1Ydo8Wl1ii1SeHieeh0HHfPeL2fMXK6z0s8ecKs9frCuLJvndBg==
use-sync-external-store,1.7.0,MIT,bundled,,sha512-6L+EeigHMQhdaIPNIFUKwfWJSwWFQ8gJbJ2DLOs5sDIegTwR9fRxvnM3uciHKjIZhFz+KAv2emhWMRvDmMcY8A==
uuid,13.0.0,MIT,runtime,apps/api; packages/db,sha512-XQegIaBTVUjSHliKqcnFqYypAd4S+WCYt5NIeRs6w/UAry7z8Y9j5ZwRRL4kzq9U3sD6v+85er9FvkEaBpji2w==
vite,7.1.11,MIT,development,apps/web (dev),sha512-uzcxnSDVjAopEUjljkWh8EIrg6tlzrjFUfMcR1EVsRDGwf/ccef0qQPRyOrROwhrTDaApueq+ja+KLPlzR/zdg==
vite-node,3.2.4,MIT,development,,sha512-EbKSKh+bh1E1IFxeO0pg1n4dvoOTt0UDiXMd/qn++r98+jPO1xtJilvXldeuQ8giIB5IkpjCgMleHMNEsGH6pg==
vitest,3.2.4,MIT,development,(root) (dev),sha512-LUCP5ev3GURDysTWiP47wRRUpLKMOfPh+yKTx3kVIEiu5KOMeqzpnYNsKyOoVrULivR8tLcks4+lga33Whn90A==
w3c-xmlserializer,5.0.0,MIT,development,,sha512-o8qghlI8NZHU1lLPrpi2+Uq7abh4GGPpYANlalzWxyWteJOCsr/P+oPBA49TOLu5FTZO4d3F9MnWJfiMo4BkmA==
webidl-conversions,8.0.1,BSD-2-Clause,development,,sha512-BMhLD/Sw+GbJC21C/UgyaZX41nPt8bUTg+jWyDeg7e7YN4xOM05YPSIXceACnXVtqyEw/LMClUQMtMZ+PGGpqQ==
whatwg-encoding,3.1.1,MIT,development,,sha512-6qN4hJdMwfYBtE3YBTTHhoeuUrDBPZmbQaxWAqSALV/MeEnR5z1xd8UKud2RAkFoPkmB+hli1TZSnyi84xz1vQ==
whatwg-mimetype,4.0.0,MIT,development,,sha512-QaKxh0eNIi2mE9p2vEdzfagOKHCcj1pJ56EEHGQOVxp8r9/iszLUUV7v89x9O1p/T+NlTM5W7jW6+cz4Fq1YVg==
whatwg-mimetype,5.0.0,MIT,development,,sha512-sXcNcHOC51uPGF0P/D4NVtrkjSU2fNsm9iog4ZvZJsL3rjoDAzXZhkm2MWt1y+PUdggKAYVoMAIYcs78wJ51Cw==
whatwg-url,15.1.0,MIT,development,,sha512-2ytDk0kiEj/yu90JOAp44PVPUkO9+jVhyf+SybKlRHSDlvOOZhdPIrr7xTH64l4WixO2cP+wQIcgujkGBPPz6g==
which,2.0.2,ISC,runtime,,sha512-BLI3Tl1TW3Pvl70l3yq3Y64i+awpwXqsGBYWkkqMtnbXgrMD+yj7rhW0kuEDxzJaYXGjEW5ogapKNMEKNMjibA==
why-is-node-running,2.3.0,MIT,development,,sha512-hUrmaWBdVDcxvYqnyh09zunKzROWjbZTiNy8dBEjkS7ehEDQibXJ7XvlmtbwuTclUiIyN+CyXQD4Vmko8fNm8w==
word-wrap,1.2.5,MIT,development,,sha512-BN22B5eaMMI9UMtjrGd5g5eCYPpCPDUy0FJXbYsaT5zYxjFOckS53SQDE3pWkVoWpHXVb3BrYcEN4Twa55B5cA==
ws,8.22.0,MIT,development,,sha512-Ydggc987+RO0AnWtZ/7Wq9FtNvcrL1b/RO0ud9mWjUPgDrsAAwQSF51sm2hm1XofbU/4jkpGEsLFsZZxU+1DOg==
xml-name-validator,5.0.0,Apache-2.0,development,,sha512-EvGK8EJ3DhaHfbRlETOWAS5pO9MZITeauHKJyb8wyajUfQUenkIg2MvLDTZ4T/TgIcm3HU0TFBgWWboAZ30UHg==
xmlchars,2.2.0,MIT,development,,sha512-JZnDKK8B0RCDw84FNdDAIpZK+JuJw+s7Lz8nksI7SIuU3UXJJslUthsi+uWBUYOwPFwW7W7PRLRfUKpxjtjFCw==
xtend,4.0.2,MIT,runtime,,sha512-LKYU1iAXJXUgAXn9URjiu+MWhyUXHsvfp7mcuYm9dSUKK0/CjtrUwFAxD82/mCWbtLsGjFIad0wIsod4zrTAEQ==
yallist,3.1.1,ISC,development,,sha512-a4UGQaWPH59mOXUYnAG2ewncQS4i4F43Tv3JoAM+s2VDAmS9NsK8GpDMLrCHPksFT7h3K6TOoUNn2pb7RoXx4g==
yaml,2.8.1,ISC,runtime,apps/api,sha512-lcYcMxX2PO9XMGvAJkJ3OsNMw+/7FKes7/hgerGUYWIoWu5j/+YQqcZr5JnPZWzOsEBgMbSbiSTn/dv/69Mkpw==
yocto-queue,0.1.0,MIT,development,,sha512-rVksvsnNCdJ/ohGc6xgPwyN8eheCxsiLM8mxuE/t/mOVqJewPuO1miLpTHQiRgTKCLexL4MeAFVagts7HmNZ2Q==
zod,4.1.12,MIT,runtime,apps/api; apps/web; apps/worker; packages/config; packages/shared,sha512-JInaHOamG8pt5+Ey8kGmdcAcg3OL9reK8ltczgHTAwNhMys/6ThXHityHxVV2p3fkw/c+MAvBHFVYHFZDmjMCQ==
zod-validation-error,4.0.2,MIT,development,,sha512-Q6/nZLe6jxuU80qb/4uJ4t5v2VEZ44lzQjPDhYJNztRQ4wyWc6VF3D3Kb/fAuPetZQnhS3hnajCf9CsWesghLQ==
