R4COUNT	P1 constructed key f["constr" + "uctor"]	0	[]
R4COUNT	P2 Reflect.get(fn, "constructor")	1	["modules/transformations/planted.ts: code evaluation via the \"constructor\" key as a value (line 1) bypasses the module-interface check"]
R4COUNT	P3 Reflect.get with a constructed key	0	[]
R4COUNT	P4 constructed key held in a variable	0	[]
R4COUNT	P5 template-literal key	0	[]
R4COUNT	P6 optional-chain constructed key	0	[]
R4COUNT	P7 constructed key in a destructuring pattern	0	[]
R4COUNT	P8 descriptors: the constructor without its name	0	[]
R4COUNT	P9 own property names, then a variable key	0	[]
R4COUNT	P10 __proto__	0	[]
R4COUNT	P11 loader name as a string handed to a helper	0	[]
R4COUNT	P12 process.binding	0	[]
R4COUNT	P13 node:inspector (in-process evaluation)	0	[]
R4COUNT	P14 node:child_process	0	[]
R4COUNT	P15 look-alike member o.eval (was an allowed form)	0	[]
R4COUNT	P16 constructor as an object key, fed to a keyed reader (was an allowed form)	0	[]
R4COUNT	P20 a syntax error fails closed (parser recovery hid P4's key)	0	[]
R4COUNT	P17 module.constructor	1	["modules/transformations/planted.ts: code evaluation via .constructor (aliased) (line 1) bypasses the module-interface check"]
R4COUNT	P18 aliased AsyncFunction constructor (F-DG1-121 N1)	1	["modules/transformations/planted.ts: code evaluation via .constructor (aliased) (line 1) bypasses the module-interface check"]
R4COUNT	P19 new Function (F-DG1-117 M)	1	["modules/transformations/planted.ts: code evaluation via Function (line 1) bypasses the module-interface check"]
