block_id,disposition,req_ids,rationale
B0001,NON-REQUIREMENT,,Cover title.
B0002,NON-REQUIREMENT,,Cover strapline; phases covered by REQ-PB-014.
B0003,NON-REQUIREMENT,,Cover summary figures; phases and templates covered by REQ-PB-014 and the template requirements.
B0004,REQUIREMENT,REQ-PB-001,Implemented by the listed requirements.
B0005,NON-REQUIREMENT,,Version stamp; methodology versioning is a master-prompt §6 requirement.
B0006,CONTEXT,,Section heading; modes covered by REQ-PB-003..005.
B0007,REQUIREMENT,REQ-PB-003,Implemented by the listed requirements.
B0008,REQUIREMENT,REQ-PB-003;REQ-PB-005,Implemented by the listed requirements.
B0009,REQUIREMENT,REQ-PB-003;REQ-PB-004;REQ-PB-005,Implemented by the listed requirements.
B0010,CONTEXT,,Heading; principles covered by REQ-PB-006..010.
B0011,REQUIREMENT,REQ-PB-006,Implemented by the listed requirements.
B0012,REQUIREMENT,REQ-PB-007,Implemented by the listed requirements.
B0013,REQUIREMENT,REQ-PB-008,Implemented by the listed requirements.
B0014,REQUIREMENT,REQ-PB-009,Implemented by the listed requirements.
B0015,REQUIREMENT,REQ-PB-010,Implemented by the listed requirements.
B0016,REQUIREMENT,REQ-PB-011,Implemented by the listed requirements.
B0017,REQUIREMENT,REQ-PB-012,Implemented by the listed requirements.
B0018,REQUIREMENT,REQ-PB-012;REQ-PB-013,Implemented by the listed requirements.
B0019,CONTEXT,,Section heading; phases covered by REQ-PB-014.
B0020,REQUIREMENT,REQ-PB-014,Implemented by the listed requirements.
B0021,REQUIREMENT,REQ-PB-014;REQ-PB-024;REQ-PB-025;REQ-PB-028;REQ-PB-037;REQ-PB-059;REQ-PB-083;REQ-PB-084,Implemented by the listed requirements.
B0022,REQUIREMENT,REQ-PB-015,Implemented by the listed requirements.
B0023,REQUIREMENT,REQ-PB-015;REQ-PB-016;REQ-PB-017;REQ-PB-018;REQ-PB-019;REQ-PB-020;REQ-PB-021;REQ-PB-027;REQ-PB-028;REQ-PB-037;REQ-PB-059;REQ-PB-083;REQ-PB-084,Implemented by the listed requirements.
B0024,REQUIREMENT,REQ-PB-001,Implemented by the listed requirements.
B0025,CONTEXT,,Phase label; covered by REQ-PB-014.
B0026,CONTEXT,,Phase heading; covered by REQ-PB-014.
B0027,REQUIREMENT,REQ-PB-014,Implemented by the listed requirements.
B0028,CONTEXT,,Heading; workstreams covered by REQ-PB-023.
B0029,REQUIREMENT,REQ-PB-023;REQ-PB-024;REQ-PB-025;REQ-PB-028,Implemented by the listed requirements.
B0030,REQUIREMENT,REQ-PB-026,Implemented by the listed requirements.
B0031,REQUIREMENT,REQ-PB-026;REQ-PB-027,Implemented by the listed requirements.
B0032,REQUIREMENT,REQ-PB-022;REQ-PB-028,Implemented by the listed requirements.
B0033,CONTEXT,,Label 'TEMPLATE'; charter covered by REQ-PB-029.
B0034,REQUIREMENT,REQ-PB-029,Implemented by the listed requirements.
B0035,REQUIREMENT,REQ-PB-027;REQ-PB-029;REQ-PB-033;REQ-PB-035;REQ-PB-037,Implemented by the listed requirements.
B0036,REQUIREMENT,REQ-PB-030,Implemented by the listed requirements.
B0037,REQUIREMENT,REQ-PB-030,Implemented by the listed requirements.
B0038,REQUIREMENT,REQ-PB-031,Implemented by the listed requirements.
B0039,REQUIREMENT,REQ-PB-031,Implemented by the listed requirements.
B0040,REQUIREMENT,REQ-PB-031,Implemented by the listed requirements.
B0041,REQUIREMENT,REQ-PB-031,Implemented by the listed requirements.
B0042,REQUIREMENT,REQ-PB-027;REQ-PB-031,Implemented by the listed requirements.
B0043,REQUIREMENT,REQ-PB-031,Implemented by the listed requirements.
B0044,CONTEXT,,Phase label; covered by REQ-PB-014.
B0045,CONTEXT,,Phase heading; covered by REQ-PB-014 and REQ-PB-032.
B0046,REQUIREMENT,REQ-PB-014,Implemented by the listed requirements.
B0047,REQUIREMENT,REQ-PB-032,Implemented by the listed requirements.
B0048,REQUIREMENT,REQ-PB-032;REQ-PB-033;REQ-PB-034,Implemented by the listed requirements.
B0049,REQUIREMENT,REQ-PB-034,Implemented by the listed requirements.
B0050,REQUIREMENT,REQ-PB-034,Implemented by the listed requirements.
B0051,REQUIREMENT,REQ-PB-036,Implemented by the listed requirements.
B0052,CONTEXT,,Phase label; covered by REQ-PB-014.
B0053,CONTEXT,,Phase heading; covered by REQ-PB-014 and REQ-PB-038.
B0054,REQUIREMENT,REQ-PB-014,Implemented by the listed requirements.
B0055,REQUIREMENT,REQ-PB-038,Implemented by the listed requirements.
B0056,REQUIREMENT,REQ-PB-025;REQ-PB-038,Implemented by the listed requirements.
B0057,REQUIREMENT,REQ-PB-039,Implemented by the listed requirements.
B0058,REQUIREMENT,REQ-PB-039,Implemented by the listed requirements.
B0059,REQUIREMENT,REQ-PB-040,Implemented by the listed requirements.
B0060,CONTEXT,,Label 'TEMPLATE'; canvas covered by REQ-PB-041.
B0061,REQUIREMENT,REQ-PB-041,Implemented by the listed requirements.
B0062,REQUIREMENT,REQ-PB-041,Implemented by the listed requirements.
B0063,REQUIREMENT,REQ-PB-042,Implemented by the listed requirements.
B0064,REQUIREMENT,REQ-PB-043,Implemented by the listed requirements.
B0065,REQUIREMENT,REQ-PB-043,Implemented by the listed requirements.
B0066,CONTEXT,,Phase label; covered by REQ-PB-014.
B0067,CONTEXT,,Phase heading; covered by REQ-PB-014 and REQ-PB-045.
B0068,REQUIREMENT,REQ-PB-014,Implemented by the listed requirements.
B0069,REQUIREMENT,REQ-PB-044,Implemented by the listed requirements.
B0070,REQUIREMENT,REQ-PB-044;REQ-PB-046,Implemented by the listed requirements.
B0071,REQUIREMENT,REQ-PB-045,Implemented by the listed requirements.
B0072,REQUIREMENT,REQ-PB-045;REQ-PB-046,Implemented by the listed requirements.
B0073,CONTEXT,,Phase label; covered by REQ-PB-014.
B0074,REQUIREMENT,REQ-PB-047,Implemented by the listed requirements.
B0075,REQUIREMENT,REQ-PB-047,Implemented by the listed requirements.
B0076,REQUIREMENT,REQ-PB-047;REQ-PB-048,Implemented by the listed requirements.
B0077,REQUIREMENT,REQ-PB-049,Implemented by the listed requirements.
B0078,REQUIREMENT,REQ-PB-050,Implemented by the listed requirements.
B0079,REQUIREMENT,REQ-PB-050;REQ-PB-059,Implemented by the listed requirements.
B0080,REQUIREMENT,REQ-PB-051,Implemented by the listed requirements.
B0081,REQUIREMENT,REQ-PB-051;REQ-PB-052,Implemented by the listed requirements.
B0082,CONTEXT,,Label 'TEMPLATE'; business case covered by REQ-PB-053.
B0083,REQUIREMENT,REQ-PB-053,Implemented by the listed requirements.
B0084,REQUIREMENT,REQ-PB-013;REQ-PB-054;REQ-PB-055,Implemented by the listed requirements.
B0085,REQUIREMENT,REQ-PB-027;REQ-PB-028;REQ-PB-053,Implemented by the listed requirements.
B0086,REQUIREMENT,REQ-PB-056,Implemented by the listed requirements.
B0087,REQUIREMENT,REQ-PB-056;REQ-PB-057,Implemented by the listed requirements.
B0088,REQUIREMENT,REQ-PB-058,Implemented by the listed requirements.
B0089,CONTEXT,,Phase label; covered by REQ-PB-014.
B0090,CONTEXT,,Phase heading; covered by REQ-PB-014 and REQ-PB-060.
B0091,REQUIREMENT,REQ-PB-014,Implemented by the listed requirements.
B0092,REQUIREMENT,REQ-PB-060,Implemented by the listed requirements.
B0093,REQUIREMENT,REQ-PB-060;REQ-PB-061;REQ-PB-085,Implemented by the listed requirements.
B0094,REQUIREMENT,REQ-PB-062,Implemented by the listed requirements.
B0095,REQUIREMENT,REQ-PB-062;REQ-PB-063;REQ-PB-064,Implemented by the listed requirements.
B0096,CONTEXT,,Label 'TEMPLATE'; covered by REQ-PB-065 and REQ-PB-067.
B0097,CONTEXT,,"Heading; covered by REQ-PB-065, REQ-PB-067, REQ-PB-068."
B0098,REQUIREMENT,REQ-PB-065,Implemented by the listed requirements.
B0099,REQUIREMENT,REQ-PB-065;REQ-PB-066,Implemented by the listed requirements.
B0100,REQUIREMENT,REQ-PB-067,Implemented by the listed requirements.
B0101,REQUIREMENT,REQ-PB-067;REQ-PB-083,Implemented by the listed requirements.
B0102,REQUIREMENT,REQ-PB-068,Implemented by the listed requirements.
B0103,CONTEXT,,Phase label; covered by REQ-PB-014.
B0104,CONTEXT,,Heading; covered by REQ-PB-069..073.
B0105,REQUIREMENT,REQ-PB-069,Implemented by the listed requirements.
B0106,REQUIREMENT,REQ-PB-070,Implemented by the listed requirements.
B0107,REQUIREMENT,REQ-PB-070,Implemented by the listed requirements.
B0108,REQUIREMENT,REQ-PB-071,Implemented by the listed requirements.
B0109,REQUIREMENT,REQ-PB-071,Implemented by the listed requirements.
B0110,REQUIREMENT,REQ-PB-071,Implemented by the listed requirements.
B0111,REQUIREMENT,REQ-PB-071,Implemented by the listed requirements.
B0112,REQUIREMENT,REQ-PB-071;REQ-PB-072,Implemented by the listed requirements.
B0113,REQUIREMENT,REQ-PB-071,Implemented by the listed requirements.
B0114,REQUIREMENT,REQ-PB-071,Implemented by the listed requirements.
B0115,REQUIREMENT,REQ-PB-071,Implemented by the listed requirements.
B0116,REQUIREMENT,REQ-PB-073,Implemented by the listed requirements.
B0117,CONTEXT,,Phase label; covered by REQ-PB-014.
B0118,CONTEXT,,Phase heading; covered by REQ-PB-014 and REQ-PB-074.
B0119,REQUIREMENT,REQ-PB-014,Implemented by the listed requirements.
B0120,REQUIREMENT,REQ-PB-074,Implemented by the listed requirements.
B0121,REQUIREMENT,REQ-PB-074;REQ-PB-083;REQ-PB-085,Implemented by the listed requirements.
B0122,REQUIREMENT,REQ-PB-075,Implemented by the listed requirements.
B0123,REQUIREMENT,REQ-PB-075;REQ-PB-076,Implemented by the listed requirements.
B0124,REQUIREMENT,REQ-PB-077,Implemented by the listed requirements.
B0125,CONTEXT,,Label 'TEMPLATE'; covered by REQ-PB-078..081.
B0126,REQUIREMENT,REQ-PB-078,Implemented by the listed requirements.
B0127,REQUIREMENT,REQ-PB-079,Implemented by the listed requirements.
B0128,REQUIREMENT,REQ-PB-079;REQ-PB-080,Implemented by the listed requirements.
B0129,REQUIREMENT,REQ-PB-081,Implemented by the listed requirements.
B0130,REQUIREMENT,REQ-PB-081,Implemented by the listed requirements.
B0131,REQUIREMENT,REQ-PB-082,Implemented by the listed requirements.
B0132,CONTEXT,,Label 'LAUNCH PLAN'; covered by REQ-PB-086 and REQ-PB-087.
B0133,REQUIREMENT,REQ-PB-086,Implemented by the listed requirements.
B0134,REQUIREMENT,REQ-PB-086,Implemented by the listed requirements.
B0135,REQUIREMENT,REQ-PB-087,Implemented by the listed requirements.
B0136,REQUIREMENT,REQ-PB-087,Implemented by the listed requirements.
B0137,REQUIREMENT,REQ-PB-087,Implemented by the listed requirements.
B0138,REQUIREMENT,REQ-PB-087,Implemented by the listed requirements.
B0139,REQUIREMENT,REQ-PB-055;REQ-PB-087,Implemented by the listed requirements.
B0140,REQUIREMENT,REQ-PB-087,Implemented by the listed requirements.
B0141,REQUIREMENT,REQ-PB-087,Implemented by the listed requirements.
B0142,CONTEXT,,Label 'WORKED EXAMPLE'; covered by REQ-PB-088..090.
B0143,REQUIREMENT,REQ-PB-088,Implemented by the listed requirements.
B0144,REQUIREMENT,REQ-PB-089,Implemented by the listed requirements.
B0145,REQUIREMENT,REQ-PB-088,Implemented by the listed requirements.
B0146,REQUIREMENT,REQ-PB-090,Implemented by the listed requirements.
B0147,REQUIREMENT,REQ-PB-090,Implemented by the listed requirements.
B0148,CONTEXT,,Label 'REFERENCE'; health check covered by REQ-PB-091 and REQ-PB-092.
B0149,REQUIREMENT,REQ-PB-091,Implemented by the listed requirements.
B0150,REQUIREMENT,REQ-PB-091,Implemented by the listed requirements.
B0151,REQUIREMENT,REQ-PB-092,Implemented by the listed requirements.
B0152,REQUIREMENT,REQ-PB-092,Implemented by the listed requirements.
B0153,CONTEXT,,Label 'REFERENCE'; covered by REQ-PB-001 and REQ-PB-002.
B0154,REQUIREMENT,REQ-PB-002,Implemented by the listed requirements.
B0155,REQUIREMENT,REQ-PB-001,Implemented by the listed requirements.
B0156,REQUIREMENT,REQ-PB-001,Implemented by the listed requirements.
B0157,REQUIREMENT,REQ-PB-002,Implemented by the listed requirements.
B0158,REQUIREMENT,REQ-PB-002,Implemented by the listed requirements.
B0159,REQUIREMENT,REQ-PB-002;REQ-PB-038,Implemented by the listed requirements.
B0160,REQUIREMENT,REQ-PB-002;REQ-PB-015,Implemented by the listed requirements.
B0161,REQUIREMENT,REQ-PB-002;REQ-PB-060;REQ-PB-086;REQ-PB-091,Implemented by the listed requirements.
B0162,REQUIREMENT,REQ-PB-002;REQ-PB-044;REQ-PB-088,Implemented by the listed requirements.
B0163,NON-REQUIREMENT,,Heading of the reference URL list.
B0164,NON-REQUIREMENT,,Reference URLs for external reading; no platform behaviour.
B0165,NON-REQUIREMENT,,'How to extend' advice about Excel/PowerPoint files; not a requirement (master prompt §1 requires native workflows).
